conceptId,fsn,displayTermEn,displayTermFr,picklistTermEn,picklistTermFr,abbreviationEn,abbreviationFr,genericParentConceptId,din,shelfStatus,typicalDoseSize,typicalDoseSizeUOM,strength,route,passive,lastUpdated
19361000087106,Botulism Antitoxin Behring solution for infusion Novartis Vaccines and Diagnostics (product),Botulism Antitoxin Behring®,Botulism Antitoxin Behring®,Botulism Antitoxin Behring® (BAtx),Botulism Antitoxin Behring®(AtxB),BAtx,AtxB,86080005,N/A,Special Access,See Product Monogragh,ml,See Product Monograph,Intravenous: IV,TRUE,2019-07-18
21941000087104,"BAT [Botulism Antitoxin Heptavalent (A, B, C, D, E, F, G) - (Equine)] solution for injection Cangene Corporation (product)",BAT®,BAT®,BAT® (BAtx),BAT® (AtxB),BAtx,AtxB,86080005,N/A,Special Access,See Product Monogragh,ml,See Product Monograph,Intravenous: IV,TRUE,2019-07-18
7021000087108,BCG Freeze-dried Glutamate BCG Vaccine (Japan) 0.5 microgram per milliliter powder and diluent for suspension for injection Japan BCG Laboratory (product),Freeze-dried Glutamate BCG Vaccine Japan,Freeze-dried Glutamate BCG Vaccine Japan,Freeze-dried Glutamate BCG Vaccine Japan (BCG),Freeze-dried Glutamate BCG Vaccine Japan (BCG),BCG,BCG,418268006,N/A,Special Access,0.1,ml,0.5mg/ampoule,Intradermal: ID,FALSE,2019-07-18
7011000087100,BCG Vaccine 1.5 microgram per 0.1 milliliter powder and diluent for suspension for injection Sanofi Pasteur Limited (product),BCG Vaccine,BCG Vaccine,BCG Vaccine (BCG),BCG Vaccine (BCG),BCG,BCG,418268006,00075124,Cancelled,0.1,ml,See Product Monograph,Intradermal: ID,FALSE,2019-07-18
19421000087106,BabyBIG [Botulism Immune Globulin Intravenous (Human) (BIG-IV)] 50 milligrams per milliliter powder for solution for infusion California Department of Public Health (product),BabyBIG®,BabyBIG®,BabyBIG® (BIG-IV),BabyBIG® (BIG-IV),BIG-IV,BIG-IV,416653007,N/A,Special Access,See Product Monogragh,ml,See Product Monograph,Intravenous: IV,TRUE,2019-07-18
19331000087104,Cytogam 50 milligrams per milliliter solution for infusion CSL Behring AG (product),Cytogam®,Cytogam®,Cytogam® (CMVIg),Cytogam® (CMVIg),CMVIg,CMVIg,9778000,02231962,Marketed,See Product Monogragh,ml,See Product Monograph,Intravenous: IV,TRUE,2019-07-18
24201000087108,DUKORAL oral suspension Valneva Sweden AB (product),Dukoral®,Dukoral®,Dukoral® (Chol-Ecol-O),Dukoral® (Chol-Ecol-O),Chol-Ecol-O,Chol-Ecol-O,7721000087106,N/A,Marketed,1,ml,See Product Monograph,Oral: PO,FALSE,2019-07-18
7401000087106,DUKORAL oral suspension Crucell Sweden AB (product),Dukoral®,Dukoral®,Dukoral® (Chol-Ecol-O),Dukoral® (Chol-Ecol-O),Chol-Ecol-O,Chol-Ecol-O,7721000087106,02247208,Marketed,1,vial,See Product Monograph,Oral: PO,FALSE,2019-07-18
19301000087107,Diphtheria Antitoxin B.P. 1000 international units per milliliter solution for injection VINS Bioproducts Limited (product),Diphtheria Antitoxin B.P. ®,Diphtheria Antitoxin B.P. ®,Diphtheria Antitoxin B.P. ® (DAtx),Diphtheria Antitoxin B.P. ® (AtxD),DAtx,AtxD,77048008,00454591,Cancelled,See Product Monogragh,ml,See Product Monograph,Intravenous: IV/Intramuscular: IM,TRUE,2019-07-18
19431000087108,Diphtheria antitoxin (equine) 170 milligrams per milliliter solution for injection Institute of Immunology Inc. (product),Diphtheria antitoxin®,Diphtheria antitoxin®,Diphtheria antitoxin® (Datx),Diphtheria antitoxin® (AtxD),DAtx,AtxD,77048008,00454591,Cancelled,See Product Monogragh,ml,See Product Monograph,Intravenous: IV/Intramuscular: IM,TRUE,2019-07-18
22181000087103,PENTAVAC PFS 0.5 milliliter suspension for injection Serum Institute of India LTD (product),PENTAVAC®,PENTAVAC®,PENTAVAC® (DPT-HB-Hib),PENTAVAC® (DCT-HB-Hib),DPT-HB-Hib,DCT-HB-Hib,20591000087106,N/A,International,0.5,ml,See Product Monograph,Intramuscular: IM,FALSE,2019-07-18
7421000087100,Tripacel Hybrid suspension for injection Sanofi Pasteur Limited (product),Tripacel® Hybrid,Tripacel® Hybrid,Tripacel® Hybrid (DTaP),Tripacel® Hybrid (DCaT),DTaP,DCaT,7841000087106,02224143,Dormant,0.5,ml,See Product Monograph,Intramuscular: IM,FALSE,2019-07-18
20841000087101,PEDIARIX suspension for injection GlaxoSmithKline Inc. (product),PEDIARIX®,PEDIARIX®,PEDIARIX® (DTaP-HB-IPV),PEDIARIX® (DCaT-HB-VPI),DTaP-HB-IPV,DCaT-HB-VPI,20641000087100,N/A,International,0.5,ml,See Product Monograph,Intramuscular: IM,FALSE,2019-07-18
7451000087107,INFANRIX hexa suspension for injection GlaxoSmithKline Inc. (product),Infanrix® hexa,Infanrix® hexa,Infanrix® hexa (DTaP-HB-IPV-Hib),Infanrix® hexa (DCaT-HB-VPI-Hib),DTaP-HB-IPV-Hib,DCaT-HB-VPI-Hib,7731000087108,02253852,Marketed,0.5,ml,See Product Monograph,Intramuscular: IM,FALSE,2019-07-18
23711000087101,ACTacel powder and diluent for solution for injection Sanofi Pasteur Limited (product),ACTacel®,ACTacel®,ACTacel® (DTaP-Hib),ACTacel® (DCaT-Hib),DTaP-Hib,DCaT-Hib,23701000087103,N/A,International,0.5,ml,See Product Monograph,Intramuscular: IM,FALSE,2019-07-18
7461000087105,INFANRIX-IPV suspension for injection GlaxoSmithKline Inc. (product),Infanrix®-IPV,Infanrix®-IPV,Infanrix®-IPV (DTaP-IPV),Infanrix®-IPV (DCaT-VPI),DTaP-IPV,DCaT-VPI,7881000087101,02241284,Dormant,0.5,ml,See Product Monograph,Intramuscular: IM,FALSE,2019-07-18
7471000087101,QUADRACEL suspension for injection Sanofi Pasteur Limited (product),Quadracel®,Quadracel®,Quadracel® (DTaP-IPV),Quadracel® (DCaT-VPI),DTaP-IPV,DCaT-VPI,7881000087101,02230946,Dormant,0.5,ml,See Product Monograph,Intramuscular: IM,FALSE,2019-07-18
23721000087109,TETRAVAC-ACELLULAIRE suspension for injection Sanofi Pasteur (product),TETRAVAC-ACELLULAIRE®,TETRAVAC-ACELLULAIRE®,TETRAVAC-ACELLULAIRE® (DTaP-IPV),TETRAVAC-ACELLULAIRE® (DCaT-VPI),DTaP-IPV,DCaT-VPI,7881000087101,N/A,International,0.5,ml,See Product Monograph,Intramuscular: IM,FALSE,2019-07-18
22691000087106,KINRIX suspension for injection GlaxoSmithKline Biologicals (product),KINRIX®,KINRIX®,KINRIX® (DTaP-IPV),KINRIX® (DCaT-VPI),DTaP-IPV,DCaT-VPI,7881000087101,N/A,International,0.5,ml,See Product Monograph,Intramuscular: IM,FALSE,2019-07-18
7521000087104,PEDIACEL suspension for injection Sanofi Pasteur Limited (product),Pediacel®,Pediacel®,Pediacel® (DTaP-IPV-Hib),Pediacel® (DCaT-VPI-Hib),DTaP-IPV-Hib,DCaT-VPI-Hib,7931000087106,02243167,Marketed,0.5,ml,See Product Monograph,Intramuscular: IM,FALSE,2019-07-18
7511000087107,PENTACEL powder and suspension for suspension for injection Sanofi Pasteur Limited (product),Pentacel®,Pentacel®,Pentacel® (DTaP-IPV-Hib),Pentacel® (DCaT-VPI-Hib),DTaP-IPV-Hib,DCaT-VPI-Hib,7931000087106,02231343,Dormant,0.5,ml,See Product Monograph,Intramuscular: IM,FALSE,2019-07-18
7501000087105,INFANRIX-IPV/Hib suspension for injection GlaxoSmithKline Inc. (product),Infanrix®-IPV/Hib,Infanrix®-IPV/Hib,Infanrix®-IPV/Hib (DTaP-IPV-Hib),Infanrix®-IPV/Hib (DCaT-VPI-Hib),DTaP-IPV-Hib,DCaT-VPI-Hib,7931000087106,02257122,Dormant,0.5,ml,See Product Monograph,Intramuscular: IM,FALSE,2019-07-18
23691000087103,Tritanrix suspension for injection GlaxoSmithKline Biologicals (product),Tritanrix®,Tritanrix®,Tritanrix® (DTwP-HB),Tritanrix® (DTCPT-HB),DTwP-HB,DTCPT-HB ,23681000087100,N/A,International,0.5,ml,See Product Monograph,Intramuscular: IM,FALSE,2019-07-18
9841000087102,Arepanrix 3.75 micrograms per 0.5 milliliter suspension and emulsion for injection GlaxoSmithKline Inc (product),Arepanrix™,Arepanrix™,Arepanrix™ (Inf),Arepanrix™ (Inf),H1N1,H1N1,443651005,02401886,Approved,"0.25 (6 months - 9 years)
 0.5 (10 years and older)",ml,See Product Monograph,Intramuscular: IM,FALSE,2019-07-18
6901000087101,VAQTA 50 units per milliliter suspension for injection Merck Canada Inc. (product),Vaqta®,Vaqta®,Vaqta® (HA),Vaqta® (HA),HA,HA,19371000087102,02229702,Marketed,1,ml,50 units/1.0ml,Intramuscular: IM,FALSE,2019-07-18
6851000087107,AVAXIM 160 units per 0.5 milliliter suspension for injection Sanofi Pasteur Limited (product),Avaxim®,Avaxim®,Avaxim® (HA),Avaxim® (HA),HA,HA,19371000087102,02237792,Marketed,0.5,ml,See Product Monograph,Intramuscular: IM,FALSE,2019-07-18
9851000087104,Epaxal Berna 500 radioimmunoassay units per 0.5 milliliter suspension for injection Swiss Serum and Vaccine Institute Berne (product),Epaxal Berna®,Epaxal Berna®,Epaxal Berna® (HA),Epaxal Berna® (HA),HA,HA,19371000087102,02239910,Cancelled,0.5,ml,See Product Monograph,Intramuscular: IM,FALSE,2019-07-18
6871000087101,Havrix 1440 ELISA units per milliliter suspension for injection GlaxoSmithKline Inc. (product),Havrix® 1440,Havrix® 1440,Havrix® 1440 (HA),Havrix® 1440 (HA),HA,HA,19371000087102,02187078,Marketed,1,ml,1440 ELISA units/1.0 ml,Intramuscular: IM,FALSE,2019-07-18
7331000087107,ViVAXIM 160 antigen units and 25 micrograms suspension for injection Sanofi Pasteur Limited (product),Vivaxim®,Vivaxim®,Vivaxim® (HA-Typh-I),Vivaxim® (HA-Typh-I),HA-Typh-I,HA-Typh-I,333707007,02248361,Marketed,1,ml,See Product Monograph,Intramuscular: IM,FALSE,2019-07-18
6861000087105,AVAXIM 80 units per 0.5 milliliter suspension for injection Sanofi Pasteur SA (product),Avaxim® pediatric,Avaxim® pediatric,Avaxim® pediatric (HA),Avaxim® pediatric (HA),HA-pediatric,HA,9811000087103,02243741,Marketed,0.5,ml,See Product Monograph,Intramuscular: IM,FALSE,2019-07-18
6881000087104,Havrix 720 ELISA units per 0.5 milliliter suspension for injection GlaxoSmithKline Inc. (product),Havrix® 720 Junior,Havrix® 720 Junior,Havrix® 720 Junior (HA),Havrix® 720 Junior (HA),HA-pediatric,HA,9811000087103,02231056,Marketed,0.5,ml,720 ELISA units/0.5ml,Intramuscular: IM,FALSE,2019-07-18
6971000087106,Twinrix 720 ELISA units HAV and 20 micrograms HBV per milliliter suspension for injection GlaxoSmithKline Inc. (product),Twinrix®,Twinrix®,Twinrix® (HAHB),Twinrix® (HAHB),HAHB,HAHB,333702001,02230578,Dormant,1,ml,See Product Monograph,Intramuscular: IM,FALSE,2019-07-18
6961000087102,Twinrix 360 ELISA units HAV and 10 micrograms HBV per 0.5 milliliter suspension for injection GlaxoSmithKline Inc. (product),Twinrix® Junior,Twinrix® Junior,Twinrix® Junior (HAHB),Twinrix® Junior (HAHB),HAHB-pediatric,HAHB,9801000087100,02237548,Marketed,0.5,ml,See Product Monograph,Intramuscular: IM,FALSE,2019-07-18
6951000087100,RECOMBIVAX HB 10 micrograms per milliliter suspension for injection Merck Canada Inc. (product),Recombivax HB®,Recombivax HB®,Recombivax HB® (HB),Recombivax HB® (HB),HB,HB,8771000087109,02243676,Marketed,1,ml,10 μg/1.0ml,Intramuscular: IM,FALSE,2019-07-18
6911000087104,Engerix B 20 micrograms per milliliter suspension for injection GlaxoSmithKline Inc. (product),Engerix® B,Engerix® B,Engerix® B (HB),Engerix® B (HB),HB,HB,8771000087109,01919431,Marketed,1,ml,See Product Monograph,Intramuscular: IM,FALSE,2019-07-18
6941000087103,RECOMBIVAX HB 40 micrograms per milliliter suspension for injection Merck Canada Inc. (product),Recombivax HB® dialysis strength,Recombivax HB® dialysis strength,Recombivax HB® dialysis strength (HB),Recombivax HB® dialysis strength (HB),HB-dialysis,HB,8781000087106,01934023,Cancelled,1,ml,40 μg/1.0ml,Intramuscular: IM,FALSE,2019-07-18
6921000087107,Engerix B 10 micrograms per 0.5 milliliter suspension for injection GlaxoSmithKline Inc. (product),Engerix® B pediatric,Engerix® B pediatric,Engerix® B pediatric (HB),Engerix® B pediatric (HB),HB-pediatric,HB,9831000087108,02296454,Marketed,0.5,ml,20μg/1.0ml,Intramuscular: IM,FALSE,2019-07-18
6931000087109,RECOMBIVAX HB 5 micrograms per 0.5 milliliter suspension for injection Merck Canada Inc. (product),Recombivax HB® pediatric,Recombivax HB® pediatric,Recombivax HB® pediatric (HB),Recombivax HB® pediatric (HB),HB-pediatric,HB,9831000087108,N/A,Marketed,0.5,ml,5 μg/0.5ml,Intramuscular: IM,FALSE,2019-07-18
7951000087102,HyperHEP B S/D 217 international units per milliliter solution for injection Grifols Canada Limited (product),HyperHEP B®,HyperHEP B®,HyperHEP B® (HBIg),HyperHEP B® (HBIg),HBIg,HBIg,9542007,02379473,Approved,See Product Monogragh,ml,See Product Monograph,Intramuscular: IM,TRUE,2019-07-18
7941000087100,HepaGam B 312 international units per milliliter liquid for injection Cangene Corporation (product),HepaGam B®,HepaGam B®,HepaGam B® (HBIg),HepaGam B® (HBIg),HBIg,HBIg,9542007,02290979,Marketed,See Product Monogragh,ml,See Product Monograph,Intramuscular: IM,TRUE,2019-07-18
7341000087101,CERVARIX 40 micrograms per 0.5 milliliter suspension for injection GlaxoSmithKline Inc. (product),Cervarix®,Cervarix®,Cervarix® (HPV-2),Cervarix® (VPH-2),HPV-2,VPH-2,7791000087109,02342227,Marketed,0.5,ml,See Product Monograph,Intramuscular: IM,FALSE,2019-07-18
7351000087103,GARDASIL 120 micrograms per 0.5 milliliter suspension for injection Merck Canada Inc. (product),Gardasil®,Gardasil®,Gardasil® (HPV-4),Gardasil® (VPH-4),HPV-4,VPH-4,7801000087108,02283190,Marketed,0.5,ml,See Product Monograph,Intramuscular: IM,FALSE,2019-07-18
20871000087109,GARDASIL 9 270 micrograms per 0.5 milliliter suspension for injection Merck Canada Inc. (product),Gardasil® 9,Gardasil® 9,Gardasil® 9 (HPV-9),Gardasil® 9 (VPH-9),HPV-9,VPH-9,20861000087100,02437058,Marketed,0.5,ml,See Product Monograph,Intramuscular: IM,FALSE,2019-07-18
7051000087101,Liquid PedvaxHIB suspension for injection Merck Canada Inc. (product),Liquid PedvaxHib®,Liquid PedvaxHib®,Liquid PedvaxHib® (Hib),Liquid PedvaxHib® (Hib),Hib,Hib,333680004,02235721,Dormant,0.5,ml,See Product Monograph,Intramuscular: IM,FALSE,2019-07-18
7041000087104,Hiberix 10 micrograms per 0.5 milliliter powder and diluent for solution for injection GlaxoSmithKline Inc. (product),Hiberix®,Hiberix®,Hiberix® (Hib),Hiberix® (Hib),Hib,Hib,333680004,02239200,Marketed,0.5,ml,See Product Monograph,Intramuscular: IM,FALSE,2019-07-18
7031000087105,Act-HIB 10 micrograms per 0.5 milliliter powder and diluent for solution for injection Sanofi Pasteur Limited (product),Act-HIB®,Act-HIB®,Act-HIB® (Hib),Act-HIB® (Hib),Hib,Hib,333680004,01959034,Marketed,0.5,ml,See Product Monograph,Intramuscular: IM,FALSE,2019-07-18
23771000087108,COMVAX 7.5 micrograms and 5 micrograms per 0.5 milliliter suspension for injection Merck & Co. Inc. (product),COMVAX®,COMVAX®,COMVAX® (Hib-HB),COMVAX® (Hib-HB),Hib-HB,Hib-HB,426971004,N/A,International,0.5,ml,See Product Monograph,Intramuscular: IM,FALSE,2019-07-18
7361000087100,IMOVAX Polio 80 units per 0.5 milliliter solution for injection Sanofi Pasteur Limited (product),Imovax® Polio,Imovax® Polio,Imovax® Polio (IPV),Imovax® Polio (VPI),IPV,VPI,125688000,01959042,Marketed,0.5,ml,See Product Monograph,Subcutaneous: SC,FALSE,2019-07-18
19471000087105,IMMUNE SERUM GLOBULIN (HUMAN) 15 to 18 percent solution for injection Grifols Therapeutics Inc. (product),IMMUNE SERUM GLOBULIN®,IMMUNE SERUM GLOBULIN®,IMMUNE SERUM GLOBULIN® (Ig),IMMUNE SERUM GLOBULIN® (Ig),Ig,Ig,333711001,02230647,Dormant,See Product Monogragh,ml,See Product Monograph,Intramuscular: IM,TRUE,2019-07-18
19391000087103,GamaSTAN 15 to 18 percent solution for injection Grifols Therapeutics Inc. (product),GamaSTAN®,GamaSTAN®,GamaSTAN® (Ig),GamaSTAN® (Ig),Ig,Ig,333711001,02230579,Marketed,See Product Monogragh,ml,See Product Monograph,Intramuscular: IM,TRUE,2019-07-18
7621000087103,"INFLUVAC 15 micrograms per 0.5 milliliter suspension for injection Drug Safety, Abbott Laboratories, Limited (product)",Influvac®,Influvac®,Influvac® (Inf),Influvac® (Inf),Inf (QIV),Inf,19401000087100,02269562,Marketed,0.5,ml,See Product Monograph,Intramuscular: IM/Subcutaneous: SC,FALSE,2019-07-18
20691000087107,FLUZONE Quadrivalent 15 micrograms per 0.5 milliliter suspension for injection Sanofi Pasteur Limited (product),FLUZONE® Quadrivalent,FLUZONE® Quadrivalent,FLUZONE® Quadrivalent (Inf),FLUZONE® Quadrivalent (Inf),Inf (QIV),Inf,19401000087100,N/A,Marketed,0.5,ml,See Product Monograph,Intramuscular: IM,FALSE,2019-07-18
20811000087102,FLULAVAL TETRA 15 micrograms per 0.5 milliliter suspension for injection ID Biomedical Corporation of Quebec (product),FLULAVAL® TETRA,FLULAVAL® TETRA,FLULAVAL® TETRA (Inf),FLULAVAL® TETRA (Inf),Inf (QIV),Inf,19401000087100,02420783,Marketed,0.5,ml,See Product Monograph,Intramuscular: IM,FALSE,2019-07-18
7561000087109,Vaxigrip 15 micrograms per 0.5 milliliter suspension for injection Sanofi Pasteur SA (product),Vaxigrip®,Vaxigrip®,Vaxigrip® (Inf),Vaxigrip® (Inf),Inf (TIV),Inf,7691000087100,02223929,Dormant,0.5,ml,See Product Monograph,Intramuscular: IM,FALSE,2019-07-18
22681000087109,INFLUVAC 15 micrograms per 0.5 milliliter suspension for injection BGP Pharma ULC (product),Influvac®,Influvac®,Influvac® (Inf),Influvac® (Inf),Inf (TIV),Inf,7691000087100,02269562,Marketed,0.5,ml,See Product Monograph,Intramuscular: IM/Subcutaneous: SC,FALSE,2019-07-18
19291000087108,"Xanaflu 15 micrograms per 0.5 milliliter suspension for injection Drug Safety, Abbott Laboratories, Limited (product)",Xanaflu®,Xanaflu®,Xanaflu® (Inf),Xanaflu® (Inf),Inf (TIV),Inf,7691000087100,N/A,International,0.5,ml,See Product Monograph,Intramuscular: IM/Subcutaneous: SC,FALSE,2019-07-18
7591000087101,"FLUAD 15 micrograms per 0.5 milliliter suspension for injection Novartis Vaccines and Diagnostics, Inc. (product)",Fluad®,Fluad®,Fluad® (Inf),Fluad® (Inf),Inf (TIV),Inf,7691000087100,N/A,Cancelled,0.5,ml,See Product Monograph,Intramuscular: IM,FALSE,2019-07-18
8651000087109,FLUZONE suspension for injection Sanofi Pasteur SA (product),Fluzone® (trivalent),Fluzone® (trivalent),Fluzone® (trivalent) (Inf),Fluzone® (trivalent) (Inf),Inf (TIV),Inf,7691000087100,00539260,Cancelled,0.5,ml,See Product Monograph,Intramuscular: IM,FALSE,2019-07-18
7541000087108,FLUVIRAL 15 micrograms per 0.5 milliliter suspension for injection ID Biomedical Corporation of Quebec (product),Fluviral®,Fluviral®,Fluviral® (Inf),Fluviral® (Inf),Inf (TIV),Inf,7691000087100,02015986,Cancelled,0.5,ml,See Product Monograph,Intramuscular: IM,FALSE,2019-07-18
7581000087103,"Agriflu 15 micrograms per 0.5 milliliter suspension for injection Novartis Vaccines and Diagnostics, Inc. (product)",Agriflu®,Agriflu®,Agriflu® (Inf),Agriflu® (Inf),Inf (TIV),Inf,7691000087100,N/A,Cancelled,0.5,ml,See Product Monograph,Intramuscular: IM,FALSE,2019-07-18
21931000087105,FLUZONE High-Dose 60 micrograms per 0.5 milliliter suspension for injection Sanofi Pasteur Limited (product),FLUZONE® High-Dose,FLUZONE® High-Dose,FLUZONE® High-Dose (Inf),FLUZONE® High-Dose (Inf),Inf (TIV),Inf,7691000087100,02445646,Marketed,0.5,ml,See Product Monograph,Intramuscular: IM,FALSE,2019-07-18
7601000087109,Intanza 9 micrograms per 0.1 milliliter suspension for injection Sanofi Pasteur SA (product),Intanza® 9 micrograms,Intanza® 9 micrograms,Intanza® 9 micrograms (Inf),Intanza® 9 micrograms (Inf),Inf (TIV),Inf,7691000087100,02348756,Dormant,0.1,ml,See Product Monograph,Intradermal: ID,FALSE,2019-07-18
22971000087103,AGRIFLU 15 micrograms per 0.5 milliliter suspension for injection Seqirus UK Limited (product),AGRIFLU®,AGRIFLU®,AGRIFLU® (Inf),AGRIFLU® (Inf),Inf (TIV),Inf,7691000087100,02346850,Marketed,0.5,ml,See Product Monograph,Intramuscular: IM,FALSE,2019-07-18
7611000087106,Intanza 15 micrograms per 0.1 milliliter suspension for injection Sanofi Pasteur SA (product),Intanza® 15 micrograms,Intanza® 15 micrograms,Intanza® 15 micrograms (Inf),Intanza® 15 micrograms (Inf),Inf (TIV),Inf,7691000087100,02348764,Dormant,0.1,ml,See Product Monograph,Intradermal: ID,FALSE,2019-07-18
22981000087101,FLUAD 15 micrograms per 0.5 milliliter suspension for injection Seqirus UK Limited (product),FLUAD®,FLUAD®,FLUAD® (Inf),FLUAD® (Inf),Inf (TIV),Inf,7691000087100,02362384,Marketed,0.5,ml,See Product Monograph,Intramuscular: IM,FALSE,2019-07-18
9821000087106,JE-VAX 50 nanograms per milliliter suspension for injection The Research Foundation for Microbial Diseases of Osaka University (product),JE-VAX®,JE-VAX®,JE-VAX® (JE),JE-VAX® (EJ),JE,EJ,333697005,02048744,Dormant,"0.5 (1-3 years)
 1.0 (3 years and older)",ml,See Product Monograph,Subcutaneous: SC,FALSE,2019-07-18
21771000087109,IXIARO 6 micrograms per 0.5 milliliter suspension for injection Valneva Austria GmbH (product),IXIARO,IXIARO,IXIARO (JE),IXIARO (EJ),JE,EJ,333697005,02333279,Marketed,0.5,ml,See Product Monograph,Intramuscular: IM,FALSE,2019-07-18
7151000087100,IXIARO 6 micrograms per 0.5 milliliter suspension for injection Intercell AG (product),IXIARO,IXIARO,IXIARO (JE),IXIARO (EJ),JE,EJ,333697005,02333279,Marketed,0.5,ml,See Product Monograph,Intramuscular: IM,FALSE,2019-07-18
20741000087105,FLUMIST QUADRIVALENT 0.2 milliliter intranasal spray AstraZeneca Canada (product),FLUMIST® QUADRIVALENT,FLUMIST® QUADRIVALENT,FLUMIST® QUADRIVALENT (LAIV),FLUMIST® QUADRIVALENT (VVAI),LAIV,VVAI,409269001,02426544,Marketed,0.2,ml,See Product Monograph,Intranasal: IN,FALSE,2019-10-06
7571000087100,FLUMIST 0.2 milliliter intranasal spray AstraZeneca Canada (product),Flumist® (trivalent),Flumist® (trivalent),Flumist® (trivalent) (LAIV)),Flumist® (trivalent) (VVAI),LAIV ,VVAI ,409269001,02426544,Marketed,0.2,ml,See Product Monograph,Intranasal: IN,FALSE,2019-10-06
7161000087102,M-M-R II powder and diluent for solution for injection Merck Canada Inc. (product),M-M-R® II,M-M-R® II,M-M-R® II (MMR),M-M-R® II (RRO),MMR,RRO,419550004,00466085,Marketed,0.5,ml,See Product Monograph,Subcutaneous: SC,FALSE,2019-07-18
7171000087106,PRIORIX powder and diluent for solution for injection GlaxoSmithKline Inc. (product),Priorix®,Priorix®,Priorix® (MMR),Priorix® (RRO),MMR,RRO,61153008,02239208,Marketed,0.5,ml,See Product Monograph,Intramuscular: IM/Subcutaneous: SC,FALSE,2019-07-18
19441000087102,ProQuad powder and diluent for solution for injection Merck Canada Inc. (product),ProQuad®,ProQuad®,ProQuad® (MMR-Var),ProQuad® (RRO-Var),MMR-Var,RRO-Var,419550004,02399229,Marketed,0.5,ml,See Product Monograph,Subcutaneous: SC,FALSE,2019-07-18
7181000087108,PRIORIX-TETRA powder and solution for injection GlaxoSmithKline Inc. (product),Priorix-Tetra®,Priorix-Tetra®,Priorix-Tetra® (MMR-Var),Priorix-Tetra® (RRO-Var),MMR-Var,RRO-Var,419550004,02297884,Marketed,0.5,ml,See Product Monograph,Intramuscular: IM/Subcutaneous: SC,FALSE,2019-07-18
23031000087108,Trumenba suspension for injection Pfizer Canada Inc. (product),Trumenba®,Trumenba®,Trumenba® (Men-B),Trumenba® (Men-B),Men-B,Men-B,19461000087101,02468751,Marketed,0.5,ml,See Product Monograph,Intramuscular: IM,FALSE,2019-07-18
19311000087109,"BEXSERO suspension for injection Novartis Vaccines and Diagnostics, Inc. (product)",BEXSERO®,BEXSERO®,BEXSERO® (Men-B),BEXSERO® (Men-B),Men-B,Men-B,19461000087101,02417030,Marketed,0.5,ml,See Product Monograph,Intramuscular: IM,FALSE,2019-07-18
21671000087103,BEXSERO suspension for injection GlaxoSmithKline Inc. (product),BEXSERO®,BEXSERO®,BEXSERO® (Men-B),BEXSERO® (Men-B),Men-B,Men-B,19461000087101,02417030,Marketed,0.5,ml,See Product Monograph,Intramuscular: IM,FALSE,2019-07-18
21681000087101,Menveo powder and solution for injection GlaxoSmithKline Inc. (product),Menveo®,Menveo®,Menveo® (Men-C-ACYW-135),Menveo® (Men-C-ACYW-135),Men-C-ACYW-135,Men-C-ACYW-135,7121000087107,02347393,Marketed,0.5,ml,See Product Monograph,Intramuscular: IM,FALSE,2019-07-18
7131000087109,Menactra solution for injection Sanofi Pasteur Limited (product),Menactra®,Menactra®,Menactra® (Men-C-ACYW-135),Menactra® (Men-C-ACYW-135),Men-C-ACYW-135,Men-C-ACYW-135,7121000087107,02279924,Marketed,0.5,ml,See Product Monograph,Intramuscular: IM,FALSE,2019-07-18
7141000087103,Menveo powder and solution for injection Novartis Vaccines and Diagnostics Inc. (product),Menveo®,Menveo®,Menveo® (Men-C-ACYW-135),Menveo® (Men-C-ACYW-135),Men-C-ACYW-135,Men-C-ACYW-135,7121000087107,02347393,Dormant,0.5,ml,See Product Monograph,Intramuscular: IM,FALSE,2019-07-18
21781000087106,NIMENRIX powder and diluent for solution for injection Pfizer Canada Inc. (product),Nimenrix®,Nimenrix®,Nimenrix® (Men-C-ACYW-135),Nimenrix® (Men-C-ACYW-135),Men-C-ACYW-135,Men-C-ACYW-135,7121000087107,02402904,Marketed,0.5,ml,See Product Monograph,Intramuscular: IM,FALSE,2019-07-18
19351000087108,NIMENRIX powder and diluent for solution for injection GlaxoSmithKline Inc. (product),Nimenrix®,Nimenrix®,Nimenrix® (Men-C-ACYW-135),Nimenrix® (Men-C-ACYW-135),Men-C-ACYW-135,Men-C-ACYW-135,7121000087107,02402904,Marketed,0.5,ml,See Product Monograph,Intramuscular: IM,FALSE,2019-07-18
7061000087103,"Meningitec 10 micrograms suspension for injection Berna Biotech, AG (product)",Meningitec®,Meningitec®,Meningitec® (Men-C-C),Meningitec® (Men-C-C),Men-C-C,Men-C-C,359068008,02248649,Cancelled,0.5,ml,See Product Monograph,Intramuscular: IM,FALSE,2019-07-18
7081000087109,NeisVac-C 10 micrograms per 0.5 milliliter suspension for injection GlaxoSmithKline Inc. (product),NeisVac-C®,NeisVac-C®,NeisVac-C® (Men-C-C),NeisVac-C® (Men-C-C),Men-C-C,Men-C-C,359068008,02245057,Marketed,0.5,ml,10mcg/0.5ml,Intramuscular: IM,FALSE,2019-07-18
21891000087103,NeisVac-C 10 micrograms per 0.5 milliliter suspension for injection Pfizer Canada ULC (product),NeisVac-C®,NeisVac-C®,NeisVac-C® (Men-C-C),NeisVac-C® (Men-C-C),Men-C-C,Men-C-C,359068008,N/A,Marketed,0.5,ml,10mcg/0.5ml,Intramuscular: IM,FALSE,2019-07-18
21701000087104,MENJUGATE 10 micrograms powder and diluent for suspension for injection GlaxoSmithKline Inc. (product),MENJUGATE®,MENJUGATE®,MENJUGATE® (Men-C-C),MENJUGATE® (Men-C-C),Men-C-C,Men-C-C,359068008,02243820,Cancelled,0.5,ml,See Product Monograph,Intramuscular: IM,FALSE,2019-07-18
21691000087104,MENJUGATE Liquid 10 micrograms suspension for injection GlaxoSmithKline Inc. (product),MENJUGATE® Liquid,MENJUGATE® Liquid,MENJUGATE® Liquid(Men-C-C),MENJUGATE® liquid (Men-C-C),Men-C-C,Men-C-C,359068008,02440709,Marketed,0.5,ml,See Product Monograph,Intramuscular: IM,FALSE,2019-07-18
7071000087107,MENJUGATE 10 micrograms powder and diluent for suspension for injection Novartis Vaccines and Diagnostics S.r.l. (product),MENJUGATE®,MENJUGATE®,MENJUGATE® (Men-C-C),MENJUGATE® (Men-C-C),Men-C-C,Men-C-C,359068008,02243820,Cancelled,0.5,ml,See Product Monograph,Intramuscular: IM,FALSE,2019-07-18
20851000087103,MENHIBRIX solution for injection GlaxoSmithKline Biologicals (product),MENHIBRIX®,MENHIBRIX®,MENHIBRIX® (Men-C-CY-Hib),MENHIBRIX® (Men-C-CY-Hib),Men-C-CY-Hib,Men-C-CY-Hib,20681000087105,N/A,International,0.5,ml,See Product Monograph,Intramuscular: IM,FALSE,2019-07-18
7111000087104,MENOMUNE - A/C/Y/W-135 powder and diluent for solution for injection Sanofi Pasteur Inc. (product),Menomune®-A/C/Y/W-135,Menomune®-A/C/Y/W-135,Menomune®-A/C/Y/W-135 (Men-P-ACYW-135),Menomune®-A/C/Y/W-135 (Men-P-ACYW-135),Men-P-ACYW-135,Men-P-ACYW-135,7101000087101,02161184,Dormant,0.5,ml,See Product Monograph,Subcutaneous: SC,FALSE,2019-07-18
7671000087104,SYNFLORIX 16 micrograms per 0.5 milliliter suspension for injection GlaxoSmithKline Inc. (product),Synflorix®,Synflorix®,Synflorix® (Pneu-C-10),Synflorix® (Pneu-C-10),Pneu-C-10,Pneu-C-10,7661000087108,02320541,Marketed,0.5,ml,See Product Monograph,Intramuscular: IM,FALSE,2019-07-18
7681000087102,Prevnar 13 suspension for injection Pfizer Canada Inc. (product),Prevnar® 13,Prevnar® 13,Prevnar® 13 (Pneu-C-13),Prevnar® 13 (Pneu-C-13),Pneu-C-13,Pneu-C-13,448964007,02335204,Marketed,0.5,ml,See Product Monograph,Intramuscular: IM,FALSE,2019-07-18
7651000087105,Prevnar 16 micrograms per 0.5 milliliter suspension for injection Pfizer Inc. (product),Prevnar®,Prevnar®,Prevnar® (Pneu-C-7),Prevnar® (Pneu-C-7),Pneu-C-7,Pneu-C-7,125714002,02244081,Dormant,0.5,ml,10 mcg / 0.5 ml,Intramuscular: IM,FALSE,2019-07-18
7641000087107,Pneumovax 23 solution for injection Merck Canada Inc. (product),Pneumovax® 23,Pneumovax® 23,Pneumovax® 23 (Pneu-P-23),Pneumovax® 23 (Pneu-P-23),Pneu-P-23,Pneu-P-23,7251000087108,00431648,Dormant,0.5,ml,See Product Monograph,Intramuscular: IM/Subcutaneous: SC,FALSE,2019-07-18
7631000087101,Pneumo 23 solution for injection Sanofi Pasteur SA (product),Pneumo® 23,Pneumo® 23,Pneumo® 23 (Pneu-P-23),Pneumo® 23 (Pneu-P-23),Pneu-P-23,Pneu-P-23,7251000087108,02231259,Dormant,0.5,ml,See Product Monograph,Intramuscular: IM/Subcutaneous: SC,FALSE,2019-07-18
19411000087103,SYNAGIS 100 milligrams per milliliter powder for solution for injection Boehringer Ingelheim (BI) Pharma KG (product),SYNAGIS®,SYNAGIS®,SYNAGIS® (RVSAb),SYNAGIS® (RSVAb),RSVAb,RSVAb,108725001,02438364,Marketed,See Product Monogragh,ml,See Product Monograph,Intramuscular: IM,TRUE,2019-07-18
7391000087108,RabAvert 2.5 international units per milliliter powder for solution for injection Novartis Vaccines and Diagnostics Gmbh (product),RabAvert®,RabAvert®,RabAvert® (Rab),RabAvert® (Rage),Rab,Rage,3526007,02267667,Marketed,1,ml,≥ 2.5 IU of rabies antigen,Intramuscular: IM,FALSE,2019-07-18
7381000087106,Imovax Rabies 2.5 international units per milliliter powder for solution for injection Sanofi Pasteur Limited (product),Imovax® Rabies,Imovax® Rabies,Imovax® Rabies (Rab),Imovax® Rabies (Rage),Rab,Rage,3526007,01908286,Marketed,1,ml,2.5IU/1.0ml,Intramuscular: IM,FALSE,2019-07-18
21711000087102,RabAvert 2.5 international units per milliliter powder for solution for injection GlaxoSmithKline Inc. (product),RabAvert®,RabAvert®,RabAvert® (Rab),RabAvert® (Rage),Rab,Rage,3526007,02267667,Marketed,1,ml,See Product Monograph,Intramuscular: IM,FALSE,2019-07-18
7971000087108,IMOGAM 150 international units per milliliter solution for injection Sanofi Pasteur SA (product),IMOGAM®,IMOGAM®,IMOGAM® (RabIg),IMOGAM® (RIg),RabIg,RIg,80834004,02237328,Marketed,See Product Monogragh,ml,See Product Monograph,Intramuscular: IM,TRUE,2019-07-18
7961000087104,HYPERRAB S/D 150 international units per milliliter solution for injection Grifols Canada Limited (product),HYPERRAB®,HYPERRAB®,HYPERRAB® (RabIg),HYPERRAB® (RabIg),RabIg,RIg,80834004,02230700,Marketed,See Product Monogragh,ml,See Product Monograph,Intramuscular: IM,TRUE,2019-07-18
7191000087105,ROTARIX 1000000 units per milliliter oral suspension GlaxoSmithKline Inc. (product),Rotarix®,Rotarix®,Rotarix® (Rota-1),Rotarix® (Rota-1),Rota-1,Rota-1,7811000087105,02300591,Marketed,1.5,ml,See Product Monograph,Oral: PO,FALSE,2019-07-18
7201000087107,RotaTeq 115000000 units per 2 milliliter oral solution Merck Canada Inc. (product),RotaTeq®,RotaTeq®,RotaTeq® (Rota-5),RotaTeq® (Rota-5),Rota-5,Rota-5,7821000087102,02284413,Marketed,2,ml,See Product Monograph,Oral: PO,FALSE,2019-07-18
7211000087109,FSME-IMMUN 2.4 micrograms per 0.5 milliliter suspension for injection Baxter AG (product),FSME-IMMUN,FSME-IMMUN,FSME-IMMUN (TBE),FSME-IMMUN (ET),TBE,ET,333699008,02264625,Cancelled,0.5,ml,2.4µg TBE virus antigen/0.5ml,Intramuscular: IM,FALSE,2019-07-18
7981000087105,HYPERTET S/D 250 units per dose solution for injection Grifols Canada Limited (product),HYPERTET®,HYPERTET®,HYPERTET® (Tig),HYPERTET® (Tig),TIg,TIg,86337009,02379619,Approved,See Product Monogragh,ml,See Product Monograph,Intramuscular: IM,TRUE,2019-07-18
7371000087109,Td ADSORBED 5 limit of flocculation units and 2 limit of flocculation units per 0.5 milliliter suspension for injection Sanofi Pasteur Limited (product),Td Adsorbed,Td Adsorbed,Td Adsorbed (Td),Td Adsorbed (dT),Td,dT,59999009,00514462,Marketed,0.5,ml,See Product Monograph,Intramuscular: IM,FALSE,2019-07-18
7531000087102,Td Polio Adsorbed suspension for injection Sanofi Pasteur Limited (product),Td Polio Adsorbed,Td Polio Adsorbed,Td Polio Adsorbed (Td-IPV),Td Polio Adsorbed (dT-VPI),Td-IPV,dT-VPI,7911000087101,00615358,Dormant,0.5,ml,See Product Monograph,Intramuscular: IM,FALSE,2019-07-18
7431000087103,ADACEL suspension for injection Sanofi Pasteur Limited (product),Adacel®,Adacel®,Adacel® (Tdap),Adacel® (dcaT),Tdap,dcaT,7851000087109,02240255,Marketed,0.5,ml,See Product Monograph,Intramuscular: IM,FALSE,2019-07-18
7441000087109,BOOSTRIX suspension for injection GlaxoSmithKline Inc. (product),Boostrix®,Boostrix®,Boostrix® (Tdap),Boostrix® (dcaT),Tdap,dcaT,7851000087109,02247600,Marketed,0.5,ml,See Product Monograph,Intramuscular: IM,FALSE,2019-07-18
7491000087102,BOOSTRIX-POLIO suspension for injection GlaxoSmithKline Inc. (product),Boostrix®-Polio,Boostrix®-Polio,Boostrix®-Polio (Tdap-IPV),Boostrix®-Polio (dcaT-VPI),Tdap-IPV,dcaT-VPI,7891000087104,02312557,Marketed,0.5,ml,See Product Monograph,Intramuscular: IM,FALSE,2019-07-18
7481000087104,ADACEL-POLIO suspension for injection Sanofi Pasteur Limited (product),Adacel®-Polio,Adacel®-Polio,Adacel®-Polio (Tdap-IPV),Adacel®-Polio (dcaT-VPI),Tdap-IPV,dcaT-VPI,7891000087104,02352044,Marketed,0.5,ml,See Product Monograph,Intramuscular: IM,FALSE,2019-07-18
7301000087104,TYPHERIX 25 micrograms per 0.5 milliliter liquid for injection GlaxoSmithKline Inc. (product),Typherix®,Typherix®,Typherix® (Typh-I),Typherix® (Typh-I),Typh-I,Typh-I,346639000,02242727,Dormant,0.5,ml,25mcg/0.5ml,Intramuscular: IM,FALSE,2019-07-18
7311000087102,TYPHIM Vi 25 micrograms per 0.5 milliliter solution for injection Sanofi Pasteur Limited (product),Typhim Vi®,Typhim Vi®,Typhim Vi® (Typh-I),Typhim Vi® (Typh-I),Typh-I,Typh-I,346639000,02130955,Dormant,0.5,ml,25mcg/0.5ml,Intramuscular: IM,FALSE,2019-07-18
24211000087105,Vivotif 10 billion units enteric coated capsule PaxVax Berna GmbH (product),Vivotif®,Vivotif®,Vivotif® (Typh-O),Vivotif® (Typh-O),Typh-O,Typh-O,346696005,N/A,Marketed,1,mg,See Product Monograph,Oral: PO,FALSE,2019-07-18
7321000087105,Vivotif 10 billion units enteric coated capsule Crucell Switzerland LTD (product),Vivotif®,Vivotif®,Vivotif® (Typh-O),Vivotif® (Typh-O),Typh-O,Typh-O,346696005,00885975,Marketed,1,capsule,See Product Monograph,Oral: PO,FALSE,2019-07-18
7231000087104,VARILRIX 3300000 plaque forming units per 0.5 milliliter powder and diluent for solution for injection GlaxoSmithKline Inc. (product),Varilrix®,Varilrix®,Varilrix® (Var),Varilrix® (Var),Var,Var,108729007,02241047,Marketed,0.5,ml,> 3300000 PFU/0.5ml,Subcutaneous: SC,FALSE,2019-07-18
7241000087105,VARIVAX III 1350 plaque forming units powder and diluent for solution for injection Merck Canada Inc. (product),Varivax® III,Varivax® III,Varivax® III (Var),Varivax® III (Var),Var,Var,108729007,02246081,Marketed,0.5,ml,See Product Monograph,Subcutaneous: SC,FALSE,2019-07-18
7991000087107,VariZIG 125 international units powder and diluent for solution for injection Cangene Corporation (product),VariZIG®,VariZIG®,VariZIG® (VarIg),VariZIG® (VarIg),VarIg,VarIg,62294009,02442183,Marketed,See Product Monogragh,ml,See Product Monograph,Intramuscular: IM,TRUE,2019-07-18
7221000087101,YF-VAX 109648 plaque forming units per 0.5 milliliter powder and diluent for suspension for injection Sanofi Pasteur Limited (product),YF-Vax®,YF-Vax®,YF-Vax® (YF),YF-Vax® (FJ),YF,FJ,56844000,00428833,Marketed,0.5,ml,See Product Monograph,Subcutaneous: SC,FALSE,2019-07-18
23011000087103,SHINGRIX 50 micrograms per 0.5 milliliter powder and suspension for suspension for injection GlaxoSmithKline Inc. (product),SHINGRIX,SHINGRIX,SHINGRIX (Zos),SHINGRIX (Zos),Zos,Zos,23001000087100,02468425,Marketed,0.5,ml,See Product Monograph,Intramuscular: IM,FALSE,2019-07-18
7411000087108,ZOSTAVAX 19400 plaque forming units per 0.65 milliliter powder and diluent for suspension for injection Merck Canada Inc. (product),Zostavax®,Zostavax®,Zostavax® (Zos),Zostavax® (Zos),Zos-Live,Zona-vivant,407746005,02315939,Dormant,0.65,ml,See Product Monograph,Subcutaneous: SC,FALSE,2019-07-18
19321000087101,ZOSTAVAX II 19400 plaque forming units per 0.65 milliliter powder and diluent for suspension for injection Merck Canada Inc. (product),Zostavax® II,Zostavax® II,Zostavax® II (Zos),Zostavax® II (Zos),Zos-Live,Zona-vivant,407746005,02375516,Marketed,0.65,ml,See Product Monograph,Subcutaneous: SC,FALSE,2019-07-18
6891000087102,VAQTA 25 units per 0.5 milliliter suspension for injection Merck Canada Inc. (product),Vaqta® pediatric,Vaqta® pediatric,Vaqta® pediatric (HA),Vaqta® pediatric (HA),HA-pediatric,HA,9811000087103,N/A,Deprecated,0.5,ml,25 units/0.5ml,Intramuscular: IM,FALSE,2019-07-18
