conceptId,fsn,displayTermEn,displayTermFr,publicPicklistTermEn,publicPicklistTermFr,picklistTermEn,picklistTermFr,abbreviationEn,abbreviationFr,shelfStatus,passive,lastUpdated
333521006,Anthrax vaccine (product),Anth anthrax unspecfied,Anth charbon non spécifié,Anthrax,Anthrax,[Anth] Anthrax,[Anth] Anthrax,Anth,Anth,International,FALSE,2019-11-07
21911000087100,Botulism antitoxin heptavalent (product),BAtx botulism antitoxin heptavalent unspecified,AtxB antitoxine botulinique heptavalent non spécifié,Botulism antitoxin heptavalent,antitoxine botulinique heptavalent,[BAtx] Botulism antitoxin heptavalent,[AtxB] antitoxine botulinique heptavalent,BAT,BAT,Special Access,TRUE,2019-11-07
86080005,Product containing botulinum antitoxin (medicinal product),BAtx botulism antitoxin unspecified,AtxB antitoxine botulinique non spécifié,Botulinum antitoxin,Antitoxine botulinique,[BAtx] Botulinum antitoxin,[AtxB] Antitoxine botulinique,BAtx,AtxB,Special Access,TRUE,2019-11-07
418268006,Product containing attenuated Bacillus Calmette Guerin (medicinal product),BCG Bacillus Calmette Guerin unspecified,BCG bacille de Calmette-Guérin non spécifié,Bacillus Calmette Guerin,Bacillus Calmette Guerin,[BCG] Bacillus Calmette Guerin,[BCG] Bacillus Calmette Guerin,BCG,BCG,Cancelled,FALSE,2019-11-07
416653007,Product containing botulism immunoglobulin (medicinal product),BIG-IV botulism immunoglobulin unspecified,BIG-IV immunoglobuline botulinique non spécifié,Botulism immunoglobulin,immunoglobuline botulinique,[BIG-IV] Botulism immunoglobulin,[BIG-IV] immunoglobuline botulinique,BIG-IV,BIG-IV,Special Access,TRUE,2019-11-07
9778000,Product containing Cytomegalovirus antibody (medicinal product),CMVIg cytomegalovirus immunoglobulin unspecified,CMVIg immunoglobuline anti-cytomégalovirus non spécifié,Cytomegalovirus immunoglobulin,Immunoglobuline anti-cytomégalovirus,[CMVIg] Cytomegalovirus immunoglobulin,[CMVIg] Immunoglobuline anti-cytomégalovirus,CMVIg,CMVIg,Marketed,TRUE,2019-11-07
35736007,Cholera vaccine (product),Chol cholera unspecified,Chol choléra non spécifié,Cholera,choléra,[Chol] Cholera,[Chol] choléra,Chol,Chol,International,FALSE,2019-11-07
7721000087106,Cholera + E. coli oral vaccine (product),Chol-Ecol-O cholera + E. coli oral unspecified,Chol-Ecol-O choléra + E. coli oral non spécifié,Cholera + E coli,choléra + E.Coli,[Chol-Ecol-O] Cholera + E coli,[Chol-Ecol-O] choléra + E.Coli,Chol-Ecol-O,Chol-Ecol-O,Marketed,FALSE,2019-11-07
7701000087100,Diphtheria standard dose vaccine (product),D diphtheria pediatric unspecified,D diphtérie pédiatrique non spécifié,Diphtheria,Diphtérie,[D] Diphtheria,[D] Diphtérie,D,D,International,FALSE,2019-11-07
428214002,Diphtheria vaccine (product),Diphtheria unspecified,diphtérie non spécifié,Diphtheria,Diphtérie,[D/d] Diphtheria,[D/d] Diphtérie,D/d,D/d,International,FALSE,2019-11-07
7831000087100,Diphtheria standard dose + pertussis standard dose + tetanus vaccine (product),DPT diphtheria + pertussis + tetanus pediatric unspecified,DCT diphtérie + coqueluche + tétanos pédiatrique non spécifié,Diphtheria + Pertussis + Tetanus,diphtérie + coqueluche + tétanos,[DPT] Diphtheria + Pertussis + Tetanus,[DCT] diphtérie + coqueluche + tétanos,DPT,DCT,International,FALSE,2019-11-07
20601000087103,Diptheria standard dose + pertussis standard dose + tetanus + hepatitis B vaccine (product),DPT-HB diptheria + pertussis + tetanus + hepatitis B pediatric unspecified,DCT-HB diphtérie + coqueluche + tétanos + hépatite B pédiatrique non spécifié,Diphtheria + Pertussis + Tetanus + Hepatitis B,diphtérie + coqueluche + tétanos + hépatite B,[DPT-HB] Diphtheria + Pertussis + Tetanus + Hepatitis B,[DCT-HB] diphtérie + coqueluche + tétanos + hépatite B,DPT-HB,DCT-HB,International,FALSE,2019-11-07
20591000087106,Diptheria standard dose + pertussis standard dose + tetanus + hepatitis B + Haemophilus influenzae type b vaccine (product),DPT-HB-Hib diptheria + pertussis + tetanus + hepatitis B + Haemophilus influenzae type b pediatric unspecified,DCT-HB-Hib diphtérie + coqueluche + tétanos + hépatite B + Haemophilus influenzae de type b pédiatrique non spécifié,Diphtheria + Pertussis + Tetanus + Hepatitis B + Hib,diphtérie + coqueluche + tétanos + hépatite B + Hib,[DPT-HB-Hib] Diphtheria + Pertussis + Tetanus + Hepatitis B + Hib,[DCT-HB-Hib] diphtérie + coqueluche + tétanos + hépatite B + Hib,DPT-HB-Hib,DCT-HB-Hib,International,FALSE,2019-11-07
8211000087108,Diphtheria standard dose + pertussis standard dose + tetanus + Haemophilus influenzae type b vaccine (product),DPT-Hib diphtheria + pertussis + tetanus + Haemophilus influenzae type b pediatric unspecified,DCT-Hib diphtérie + coqueluche + tétanos + Haemophilus influenzae de type b pédiatrique non spécifié,Diphtheria + Pertussis + Tetanus + Hib,diphtérie + coqueluche + tétanos + Hib,[DPT-Hib] Diphtheria + Pertussis + Tetanus + Hib,[DCT-Hib] diphtérie + coqueluche + tétanos + Hib,DPT-Hib,DCT-Hib,International,FALSE,2019-11-07
7871000087103,Diphtheria standard dose + pertussis standard dose + tetanus + inactivated poliomyelitis vaccine (product),DPT-IPV diphtheria + pertussis + tetanus + inactivated poliomyelitis pediatric unspecified,DCT-VPI diphtérie + coqueluche + tétanos + polio inactivé pédiatrique non spécifié,Diphtheria + Pertussis + Tetanus + Polio,diphtérie + coqueluche + tétanos + polio inactivé,[DPT-IPV] Diphtheria + Pertussis + Tetanus + Polio,[DCT-VPI] diphtérie + coqueluche + tétanos + polio inactivé,DPT-IPV,DCT-VPI,International,FALSE,2019-11-07
7861000087107,Diphtheria standard dose + pertussis standard dose + tetanus + poliomyelitis standard dose vaccine (product),DPTP diphtheria + pertussis + tetanus + poliomyelitis pediatric unspecified,DCT-Polio diphtérie + coqueluche + tétanos + polio pédiatrique non spécifié,Diphtheria + Pertussis + Tetanus + Polio,diphtérie + coqueluche + tétanos + polio,[DPTP] Diphtheria + Pertussis + Tetanus + Polio,[DCT-Polio] diphtérie + coqueluche + tétanos + polio,DPTP,DCT-Polio,International,FALSE,2019-11-07
8221000087100,Diphtheria standard dose + pertussis standard dose + tetanus + poliomyelitis standard dose + Haemophilus influenza type b vaccine (product),DPTP-Hib diphtheria + pertussis + tetanus + poliomyelitis + Haemophilus influenza type b pediatric unspecified,DCTP-Hib diphtérie + coqueluche + tétanos + polio + Haemophilus influenzae de type b pédiatrique non spécifié,Diphtheria + Pertussis + Tetanus + Polio + Hib,diphtérie + coqueluche + tétanos + polio + Hib,[DPTP-Hib] Diphtheria + Pertussis + Tetanus + Polio + Hib,[DCTP-Hib] diphtérie + coqueluche + tétanos + polio + Hib,DPTP-Hib,DCTP-Hib,International,FALSE,2019-11-07
7921000087109,Diphtheria standard dose + tetanus vaccine (product),DT diphtheria + tetanus pediatric unspecified,DT diphtérie + tétanos pédiatrique non spécifié,Diphtheria + Tetanus,diphtérie + tétanos,[DT] Diphtheria + Tetanus,[DT] diphtérie + tétanos,DT,DT,International,FALSE,2019-11-07
7901000087103,Diphtheria standard dose + tetanus + inactivated poliomyelitis vaccine (product),DT-IPV diphtheria + tetanus + inactivated poliomyelitis pediatric unspecified,DT-VPI diphtérie + tétanos + polio inactivé pédiatrique non spécifié,Diphtheria + Tetanus + Polio,diphtérie + tétanos + polio inactivé,[DT-IPV] Diphtheria + Tetanus + Polio,[DT-VPI] diphtérie + tétanos + polio inactivé,DT-IPV,DT-VPI,International,FALSE,2019-11-07
7841000087106,Diphtheria standard dose + tetanus + acellular pertussis standard dose vaccine (product),DTaP diphtheria + tetanus + acellular pertussis pediatric unspecified,DCaT diphtérie + coqueluche acellulaire + tétanos pédiatrique non spécifié,Diphtheria + Tetanus + Pertussis,diphtérie + coqueluche acellulaire + tétanos,[DTaP] Diphtheria + Tetanus + Pertussis,[DCaT] diphtérie + coqueluche acellulaire + tétanos,DTaP,DCaT,Cancelled,FALSE,2019-11-07
20641000087100,Diphtheria standard dose + tetanus + acellular pertussis standard dose + hepatitis b + inactivated poliomyelitis vaccine (product),DTaP-HB-IPV diphtheria + tetanus + acellular pertussis + hepatitis b + inactivated poliomyelitis pediatric unspecified,DCaT-HB-VPI diphtérie + coqueluche acellulaire + tétanos + hépatite B + polio inactivé pédiatrique non spécifié,Diphtheria + Tetanus + Pertussis + Hepatitis B + Polio,diphtérie + coqueluche acellulaire + tétanos + hépatite B + polio inactivé,[DTaP-HB-IPV] Diphtheria + Tetanus + Pertussis + Hepatitis B + Polio,[DCaT-HB-VPI] diphtérie + coqueluche acellulaire + tétanos + hépatite B + polio inactivé,DTaP-HB-IPV,DCaT-HB-VPI,International,FALSE,2019-11-07
7731000087108,Diphtheria standard dose + tetanus + acellular pertussis standard dose + hepatitis b + inactivated poliomyelitis + Haemophilus influenzae type b vaccine (product),DTaP-HB-IPV-Hib diphtheria + tetanus + acellular pertussis + hepatitis b + inactivated poliomyelitis + Haemophilus influenzae type b pediatric unspecified,DCaT-HB-VPI-Hib diphtérie + coqueluche acellulaire + tétanos + hépatite B + polio inactivé + Haemophilus influenzae de type b pédiatrique non spécifié,Diphtheria + Tetanus + Pertussis + Hepatitis B + Polio + Hib,diphtérie + coqueluche acellulaire + tétanos + hépatite B+ polio inactivé + Hib,[DTaP-HB-IPV-Hib] Diphtheria + Tetanus + Pertussis + Hepatitis B + Polio + Hib,[DCaT-HB-VPI-Hib] diphtérie + coqueluche acellulaire + tétanos + hépatite B+ polio inactivé + Hib,DTaP-HB-IPV-Hib,DCaT-HB-VPI-Hib,Marketed,FALSE,2019-11-07
23701000087103,Diphtheria standard dose + tetanus + acellular pertussis standard dose + Haemophilus influenzae type b vaccine (product),DTaP-Hib diphtheria + tetanus + acellular pertussis + Haemophilus influenzae type b pediatric unspecified,DCaT-Hib diphtérie + coqueluche acellulaire + tétanos + Haemophilus influenzae de type b pédiatrique non spécifié,Diphtheria + Tetanus + Pertussis + Haemophilus influenzae type b pediatric,diphtérie + coqueluche acellulaire + tétanos + Hib,[DTaP-Hib] Diphtheria + Tetanus + Pertussis + Haemophilus influenzae type b pediatric,[DCaT-Hib] diphtérie + coqueluche acellulaire + tétanos + Hib,DTaP-Hib,DCaT-Hib,International,FALSE,2019-11-07
7881000087101,Diphtheria standard dose + tetanus + acellular pertussis standard dose + inactivated poliomyelitis vaccine (product),DTaP-IPV diphtheria + tetanus + acellular pertussis + inactivated poliomyelitis pediatric unspecified,DCaT-VPI diphtérie + coqueluche acellulaire + tétanos + polio inactivé pédiatrique non spécifié,Diphtheria + Tetanus + Pertussis + Polio,diphtérie + coqueluche acellulaire + tétanos + polio inactivé,[DTaP-IPV] Diphtheria + Tetanus + Pertussis + Polio,[DCaT-VPI] diphtérie + coqueluche acellulaire + tétanos + polio inactivé,DTaP-IPV,DCaT-VPI,Dormant,FALSE,2019-11-07
7931000087106,Diphtheria standard dose + tetanus + acellular pertussis standard dose + inactivated poliomyelitis + Haemophilus influenza type b vaccine (product),DTaP-IPV-Hib diphtheria + tetanus + acellular pertussis + inactivated poliomyelitis + Haemophilus influenza type b pediatric unspecified,DCaT-VPI-Hib diphtérie + coqueluche acellulaire + tétanos + polio inactivé + Haemophilus influenzae de type b pédiatrique non spécifié,Diphtheria + Tetanus + Pertussis + Polio + Hib,diphtérie + coqueluche acellulaire + tétanos + polio inactivé + Hib,[DTaP-IPV-Hib] Diphtheria + Tetanus + Pertussis + Polio + Hib,[DCaT-VPI-Hib] diphtérie + coqueluche acellulaire + tétanos + polio inactivé + Hib,DTaP-IPV-Hib,DCaT-VPI-Hib,Marketed,FALSE,2019-11-07
23681000087100,Diptheria standard dose + tetanus + whole cell pertussis standard dose + hepatitis B vaccine (product),DTwP-HB diptheria + tetanus + whole cell pertussis + hepatitis B pediatric unspecified,DCGET-HB diphtérie + coqueluche à germes entiers + tétanos + hépatite B pédiatrique non spécifié,Diptheria + Tetanus + Pertussis whole cell + Hepatitis B pediatric,diphtérie + tétanos + coqueluche + hépatite B pédiatrique,[DTwP-HB] Diptheria + Tetanus + Pertussis whole cell + Hepatitis B pediatric,[DTCPT-HB] diphtérie + tétanos + coqueluche + hépatite B pédiatrique,DTwP-HB,DTCPT-HB,International,FALSE,2019-11-07
77048008,Product containing diphtheria antitoxin (medicinal product),DAtx diphtheria antitoxin unspecified,AtxD antitoxine diphtérique non spécifié,Diphtheria antitoxin,antitoxine diphtérique,[Datx] Diphtheria antitoxin,[AtxD] antitoxine diphtérique,Datx,AtxD,Cancelled,TRUE,2019-11-07
443651005,Influenza A virus subtype H1N1 vaccine (product),Inf influenza A virus subtype H1N1 unspecified,Inf influenza A sous-type H1N1 non spécifié,Influenza A virus subtype H1N1,Influenza A Sous-Type H1N1,[Inf] Influenza A virus subtype H1N1,[Inf] Influenza A Sous-Type H1N1,H1N1,H1N1,Cancelled,FALSE,2019-11-07
451022006,Inactivated Influenza split virion subtype H1N1v-like strain unadjuvanted vaccine (product),Inf influenza A monovalent H1N1 unadjuvanted unspecified,Inf influenza A monovalent H1N1 sans adjuvant non spécifié,Influenza A monovalent,influenza A monovalent,[Inf] Influenza A monovalent,[Inf] influenza A monovalent,H1N1,H1N1,Cancelled,FALSE,2019-11-07
19371000087102,Hepatitis A virus vaccine regular strength (product),HA hepatitis A regular strength unspecified,HA hépatite A formulation régulière non spécifié,Hepatitis A,hépatite A,[HA] Hepatitis A,[HA] hépatite A,HA,HA,Marketed,FALSE,2019-11-07
333707007,Hepatitis A+typhoid vaccine (product),HA-Typh-I hepatitis A + typhoid injectable unspecified,HA-Typh-I hépatite A + typhoïde injectable non spécifié,Hepatitis A + Typhoid,Hépatite A + Typhoïde Injectable,[HA-Typh-I] Hepatitis A + Typhoid,[HA-Typh-I] Hépatite A + Typhoïde Injectable,HA-Typh-I,HA-Typh-I,Marketed,FALSE,2019-11-07
9811000087103,Hepatitis A virus vaccine pediatric strength (product),HA hepatitis A pediatric strength unspecified,HA hépatite A formulation pédiatrique non spécifié,Hepatitis A pediatric,hépatite A pédiatrique,[HA] Hepatitis A pediatric,[HA] hépatite A pédiatrique,HA-pediatric,HA-pédiatrique,Marketed,FALSE,2019-11-07
14745005,Hepatitis A virus vaccine (product),HA hepatitis A unspecified,HA hépatite A non spécifié,Hepatitis A,hépatite A,[HA] Hepatitis A,[HA] hépatite A,HA-unspecified,HA-non spécifié,International,FALSE,2019-11-07
24371000087105,Hepatitis A + hepatitis B vaccine regular strength (product),HAHB Hepatitis A + B regular strength unspecified,HAHB hépatite A + B formulation régulière non spécifié,Hepatitis A + B,Hépatite A + B,[HAHB] Hepatitis A + B,[HAHB] Hepatitis A + B,HAHB,HAHB,Marketed,FALSE,2019-11-07
9801000087100,Hepatitis A + hepatitis B vaccine pediatric strength (product),HAHB hepatitis A + B pediatric strength unspecified,HAHB hépatite A+ B formulation pédiatrique non spécifié,Hepatitis A + B pediatric,Hépatite A + B pédiatrique,[HAHB] Hepatitis A + B pediatric,[HAHB] Hépatite A + B pédiatrique,HAHB-pediatric,HAHB-pédiatrique,Marketed,FALSE,2019-11-07
333702001,HAHB hepatitis A + B unspecified,HAHB hepatitis A + B unspecified,HAHB hépatite A + B non spécifié,Hepatitis A + B,Hépatite A + B,[HAHB] Hepatitis A + B unspecified,[HAHB] Hépatite A + B-non spécifié,HAHB-unspecified,HAHB-non spécifié,International,FALSE,2019-11-07
8771000087109,Hepatitis B virus vaccine regular strength (product),HB hepatitis B regular strength unspecified,HB hépatite B formulation régulière non spécifié,Hepatitis B,hépatite B,[HB] Hepatitis B,[HB] hépatite B,HB,HB,Marketed,FALSE,2019-11-07
8781000087106,Hepatitis B virus vaccine dialysis strength (product),HB hepatitis B dialysis strength unspecified,HB hépatite B formulation pour dialyse non spécifié,Hepatitis B dialysis strength,hépatite B formulation pour dialyse,[HB] Hepatitis B dialysis strength,[HB] hépatite B formulation pour dialyse,HB-dialysis,HB-dialyse,Cancelled,FALSE,2019-11-07
9831000087108,Hepatitis B virus vaccine pediatric strength (product),HB hepatitis B pediatric strength unspecified,HB hépatite B formulation pédiatrique non spécifié,Hepatitis B pediatric,hépatite B pédiatrique,[HB] Hepatitis B pediatric,[HB] hépatite B pédiatrique,HB-pediatric,HB-pédiatrique,Marketed,FALSE,2019-11-07
34689006,Hepatitis B virus vaccine (product),HB hepatitis B unspecified,HB hépatite B non spécifié,Hepatitis B,hépatite B,[HB] Hepatitis B,[HB] hépatite B,HB-unspecified,HB-non spécifié,International,FALSE,2019-11-07
9542007,Product containing hepatitis B surface antigen immunoglobulin (medicinal product),HBIg hepatitis B immunoglobulin unspecified,HBIg immunoglobuline antihépatique B non spécifié,Hepatitis B immunoglobulin,immunoglobuline antihépatique B,[HBIg] Hepatitis B immunoglobulin,[HBIg] immunoglobuline antihépatique B,HBIg,HBIg,Marketed,TRUE,2019-11-07
424519000,Human papillomavirus vaccine (product),HPV human papillomavirus unspecified,VPH virus du papillome humain non spécifié,Human Papillomavirus,Virus du Papillome Humain,[HPV] Human Papillomavirus,[VPH] Virus du Papillome Humain,HPV,VPH,International,FALSE,2019-11-07
7791000087109,Human papillomavirus bivalent vaccine (product),HPV-2 human papillomavirus bivalent unspecified,VPH-2 virus du papillome humain bivalent non spécifié,Human Papillomavirus (HPV-2),virus du papillome humain bivalent,[HPV-2] Human Papillomavirus (HPV-2),[VPH-2] virus du papillome humain bivalent,HPV-2,VPH-2,Marketed,FALSE,2019-11-07
7801000087108,Human papillomavirus quadrivalent vaccine (product),HPV-4 human papillomavirus quadrivalent unspecified,VPH-4 virus du papillome humain quadrivalent non spécifié,Human Papillomavirus (HPV-4),virus du papillome humain quadrivalent,[HPV-4] Human Papillomavirus (HPV-4),[VPH-4] virus du papillome humain quadrivalent,HPV-4,VPH-4,Cancelled,FALSE,2019-11-07
20861000087100,Human papillomavirus 9-valent vaccine (product),HPV-9 human papillomavirus 9-valent unspecified,VPH-9 virus du papillome humain nonavalent non spécifié,Human Papillomavirus,virus du papillome humain nonavalent,[HPV-9] Human Papillomavirus,[VPH-9] virus du papillome humain nonavalent,HPV-9,VPH-9,Marketed,FALSE,2019-11-07
333680004,Haemophilus influenzae Type b vaccine (product),Hib Haemophilus influenzae type b unspecified,Hib Haemophilus influenzae de type b non spécifié,Hib - Haemophilus influenzae type b,Hib - Haemophilus influenzae de type b,[Hib] Hib - Haemophilus influenzae type b,[Hib] Hib - Haemophilus influenzae de type b,Hib,Hib,Marketed,FALSE,2019-11-07
426971004,Haemophilus influenzae Type b + recombinant hepatitis B virus vaccine (product),Hib+HB Haemophilus influenzae Type b + hepatitis B pediatric unspecified,Hib-HB Haemophilus influenzae de type B + hépatite B pédiatrique non spécifié,Hib - Haemophilus influenzae type b + Hepatitis B pediatric,Hib + hépatite B,[Hib-HB] Hib - Haemophilus influenzae type b + Hepatitis B pediatric,[Hib-HB] Hib + hépatite B,Hib-HB,Hib-HB,International,FALSE,2019-11-07
125688000,Inactivated poliovirus vaccine (product),IPV poliomyelitis inactivated unspecified,VPI polio inactivé non spécifié,Inactive Polio,Polio Inactivé,[IPV] Inactive Polio,[VPI] Polio Inactivé,IPV,VPI,International,FALSE,2019-11-07
111164008,Poliovirus vaccine (product),Poliomyelitis unspecified,Polio non spécifié,Polio,Polio,[IPV / OPV] Polio,[VPI / VPO] Polio,IPV / OPV,VPI / VPO,International,FALSE,2019-11-07
333711001,Product containing human immunoglobulin (medicinal product),Ig immune globulin unspecified,Ig immunoglobuline non spécifié,Immune globulin,immunoglobuline,[Ig] Immune globulin,[Ig] immunoglobuline,Ig,Ig,Dormant,TRUE,2019-11-07
6991000087105,Influenza A monovalent H1N1 unadjuvanted vaccine (product),Inf influenza A monovalent H1N1 unadjuvanted unspecified,,Influenza A monovalent,influenza A monovalent,[Inf] Influenza A monovalent,[Inf] influenza A monovalent,Inf,Inf,Cancelled,FALSE,2019-11-07
7001000087102,Influenza A monovalent H1N1 adjuvanted vaccine (product),Inf influenza A monovalent H1N1 adjuvanted unspecified,Inf influenza A monovalent H1N1 avec adjuvant non spécifié,Influenza A monovalent,influenza A monovalent,[Inf] Influenza A monovalent,[Inf] influenza A monovalent,Inf,Inf,Cancelled,FALSE,2019-11-07
6981000087108,Influenza A monovalent vaccine (product),Inf influenza A monovalent unspecified,Inf influenza A monovalent non spécifié,Influenza A monovalent,influenza A monovalent,[Inf] Influenza A monovalent,[Inf] influenza A monovalent,Inf,Inf,International,FALSE,2019-11-07
19401000087100,Influenza quadrivalent vaccine (product),Inf influenza quadrivalent unspecified,Inf antigrippal quadrivalent non spécifié,Influenza quadrivalent,influenza quadrivalent,[Inf] Influenza quadrivalent,[Inf] influenza quadrivalent,Inf (QIV),Inf (QAV),Marketed,FALSE,2019-11-07
7691000087100,Influenza trivalent vaccine (product),Inf influenza trivalent unspecified,Inf antigrippal trivalent non spécifié,Influenza trivalent,influenza antigrippal trivalent,[Inf] Influenza trivalent,[Inf] influenza antigrippal trivalent,Inf (TIV),Inf (VTI),Marketed,FALSE,2019-11-07
21921000087108,Influenza trivalent high-dose vaccine (product),Inf influenza trivalent high-dose unspecified,Inf antigrippal trivalent haute dose non spécifié,Influenza trivalent high-dose,antigrippal trivalent haute dose,[Inf] Influenza trivalent high-dose,[Inf] antigrippal trivalent haute dose,Inf (TIV),Inf (VTI),Marketed,FALSE,2019-11-07
46233009,Influenza virus vaccine (product),Inf influenza unspecified,Inf influenza non spécifié,Influenza,influenza,[Inf] Influenza,[Inf] influenza,Inf - unspecified,Inf - non spécifié,International,FALSE,2019-11-07
333697005,Japanese B encephalitis vaccine (product),JE Japanese encephalitis unspecified,EJ encéphalite japonaise non spécifié,Japanese Encephalitis,Encéphalite Japonaise,[JE] Japanese Encephalitis,[EJ] Encéphalite Japonaise,JE,EJ,Marketed,FALSE,2019-11-07
409269001,Intranasal influenza live virus vaccine (product),Intranasal influenza live virus vaccine,vaccin à virus influenza vivant pour administration intranasale,Intranasal Influenza,Vaccin antigrippal intranasal,[LAIV] Intranasal influenza live virus,[VVAI],LAIV,VVAI,Marketed,FALSE,2019-11-07
116083002,Lyme disease vaccine (product),LYM Lyme unspecified,LYM Lyme non spécifié,Lyme disease,Lyme,[LYM] Lyme disease,[LYM] Lyme,LYM,LYM,International,FALSE,2019-11-07
386012008,Measles vaccine (product),M measles unspecified,Roug rougeole non spécifié,Measles,Rougeole,[M] Measles,[R] Rougeole,M,R,International,FALSE,2019-11-07
61153008,"Measles, mumps and rubella vaccine (product)",MMR measles + mumps + rubella unspecified,RRO rougeole + rubéole + oreillons non spécifié,Measles + Mumps + Rubella,rougeole + rubéole + oreillons,[MMR] Measles + Mumps + Rubella,[RRO] rougeole + rubéole + oreillons,MMR,RRO,Marketed,FALSE,2019-11-07
419550004,Measles + mumps + rubella + varicella vaccine (product),MMR-Var measles + mumps + rubella + varicella unspecified,RRO-Var rougeole + rubéole + oreillons + varicelle non spécifié,Measles + Mumps + Rubella + Varicella,Rougeole + Rubéole + Oreillons + Varicelle,[MMR-Var] Measles + Mumps + Rubella + Varicella,[RRO-Var] Rougeole + Rubéole + Oreillons + Varicelle,MMR-Var,RRO-Var,Marketed,FALSE,2019-11-07
7281000087100,Measles + rubella vaccine (product),MR measles + rubella unspecified,RR rougeole + rubéole non spécifié,Measles + Rubella,rougeole + rubéole,[MR] Measles + Rubella,[RR] rougeole + rubéole,MR,RR,International,FALSE,2019-11-07
423531006,Meningococcus vaccine (product),Men meningococcal unspecified,Men méningocoque non spécifié,Meningococcal,Méningocoque,[Men] Meningococcal,[Men] Méningocoque,Men,Men,International,FALSE,2019-11-07
420261000,Meningococcal groups A+C+W135+Y vaccine (product),Men-ACYW-135 meningococcal A + C + Y + W-135 unspecified,Men-ACYW-135 méningocoque A + C + Y + W-135 non spécifié,Meningococcal A+C+Y+W135,méningocoque A+C+Y+W135,[Men-ACYW-135] Meningococcal A+C+Y+W135,[Men-ACYW-135] méningocoque A+C+Y+W135,Men-ACYW-135,Men-ACYW-135,International,FALSE,2019-11-07
785864002,Meningococcal group B vaccine (product),Men-B meningococcal B unspecified,Men-B méningocoque B non spécifié,Meningococcal B,méningocoque B,[Men-B] Meningococcal B,[Men-B] méningocoque B,Men-B,Men-B,Marketed,FALSE,2019-11-07
8231000087103,Meningococcal conjugate vaccine (product),Men-C meningococcal conjugate unspecified,Men-C méningocoque conjugué non spécifié,Meningococcal conjugate,méningocoque conjugué,[Men-C] Meningococcal conjugate,[Men-C] méningocoque conjugué,Men-C,Men-C,International,FALSE,2019-11-07
21721000087105,Meningococcal groups A + C conjugate vaccine (product),Men-C-AC meningococcal conjugate A + C unspecified,Men-C-AC méningocoque A + C conjugué non spécifié,Meningococcal conjugate A + C,méningocoque A + C conjugué,[Men-C-AC] Meningococcal conjugate A + C,[Men-C-AC] méningocoque A + C conjugué,Men-C-AC,Men-C-AC,International,FALSE,2019-11-07
7121000087107,Meningococcal groups A + C + Y + W-135 conjugate vaccine (product),Men-C-ACYW-135 meningococcal conjugate A + C + Y + W-135 unspecified,Men-C-ACYW-135 méningocoque conjugué A + C + Y + W-135 non spécifié,Meningococcal conjugate A+C+Y+W135,méningocoque conjugué A+C+Y+W135,[Men-C-ACYW-135] Meningococcal conjugate A+C+Y+W135,[Men-C-ACYW-135] méningocoque conjugué A+C+Y+W135,Men-C-ACYW-135,Men-C-ACYW-135,Marketed,FALSE,2019-11-07
359068008,Meningococcal C conjugate vaccine (product),Men-C-C meningococcal conjugate C unspecified,Men-C-C méningocoque C conjugué non spécifié,Meningococcal conjugate C,Méningocoque C Conjugué,[Men-C-C] Meningococcal conjugate C,[Men-C-C] Méningocoque C Conjugué,Men-C-C,Men-C-C,Marketed,FALSE,2019-11-07
21901000087102,Meningococcal groups C + Y conjugate vaccine (product),Men-C-CY meningococcal conjugate C + Y unspecified,Men-C-CY méningocoque conjugué C + Y non spécifié,Meningococcal conjugate C + Y,méningocoque C + Y conjugué,[Men-C-CY] Meningococcal conjugate C + Y,[Men-C-CY] méningocoque C + Y conjugué,Men-C-CY,Men-C-CY,International,FALSE,2019-11-07
20681000087105,Meningococcal groups C + Y conjugate + Haemophilus influenzae type b vaccine (product),Men-C-CY-Hib meningococcal conjugate C + Y + Haemophilus influenzae type b unspecified,Men-C-CY-Hib meningoccoque C + Y conjugué + Haemophilus influenzae de type B pédiatrique non spécifié,Meningococcal conjugate C + Y + Hib,meningoccoque C + Y conjugué + Hib,[Men-C-CY-Hib] Meningococcal conjugate C + Y + Hib,[Men-C-CY-Hib] meningoccoque C + Y conjugué + Hib,Men-C-CY-Hib,Men-C-CY-Hib,International,FALSE,2019-11-07
8241000087109,Meningococcal polysaccharide vaccine (product),Men-P meningococcal polysaccharide unspecified,Men-P méningocoque polysaccharidique non spécifié,Meningococcal polysaccharide,méningocoque polysaccharidique,[Men-P] Meningococcal polysaccharide,[Men-P] méningocoque polysaccharidique,Men-P,Men-P,International,FALSE,2019-11-07
7711000087103,Meningococcal A polysaccharide vaccine (product),Men-P-A meningococcal polysaccharide A unspecified,Men-P-A méningocoque polysaccharidique A non spécifié,Meningococcal polysaccharide A,méningocoque polysaccharidique A,[Men-P-A] Meningococcal polysaccharide A,[Men-P-A] méningocoque polysaccharidique A,Men-P-A,Men-P-A,International,FALSE,2019-11-07
7091000087106,Meningococcal groups A + C polysaccharide vaccine (product),Men-P-AC meningococcal polysaccharide A + C unspecified,Men-P-AC méningocoque polysaccharidique A + C non spécifié,Meningococcal polysaccharide A+C,méningocoque polysaccharidique A+C,[Men-P-AC] Meningococcal polysaccharide A+C,[Men-P-AC] méningocoque polysaccharidique A+C,Men-P-AC,Men-P-AC,Dormant,FALSE,2019-11-07
7101000087101,Meningococcal groups A + C + Y + W-135 polysaccharide vaccine (product),Men-P-ACYW-135 meningococcal polysaccharide A + C + Y + W-135 unspecified,Men-P-ACYW-135 méningocoque polysaccharidique A + C + Y + W-135 non spécifié,Meningococcal polysaccharide A+C+Y+W135,méningocoque polysaccharidique A+C+Y+W135,[Men-P-ACYW-135] Meningococcal polysaccharide A+C+Y+W135,[Men-P-ACYW-135] méningocoque polysaccharidique A+C+Y+W135,Men-P-ACYW-135,Men-P-ACYW-135,Marketed,FALSE,2019-11-07
90043005,Mumps live virus vaccine (product),Mu mumps live unspecified,O oreillons virus vivant non spécifié,Mumps,oreillons,[Mu] Mumps,[O] oreillons,Mu,O,International,FALSE,2019-11-07
125690004,Live poliovirus vaccine (product),OPV poliomyelitis live unspecified,VPO virus de la polio vivant non spécifié,Polio live (oral),Virus de la Polio Vivant,[OPV] Polio live (oral),[VPO] Virus de la Polio Vivant,OPV,VPO,International,FALSE,2019-11-07
11866009,Plague vaccine (product),PLAG plague unspecified,PEST peste non spécifié,Plague,peste,[PLAG] Plague,[PEST] peste,PLAG,PEST,International,FALSE,2019-11-07
333598008,Pneumococcal vaccine (product),Pneu pneumococcal unspecified,Pneu pneumocoque non spécifié,Pneumococcal,Pneumocoque,[Pneu] Pneumococcal,[Pneu] Pneumocoque,Pneu,Pneu,International,FALSE,2019-11-07
7261000087106,Pneumococcal conjugate vaccine (product),Pneu-C pneumococcal conjugate unspecified,Pneu-C pneumocoque conjugué non spécifié,Pneumococcal conjugate,pneumocoque conjugué,[Pneu-C] Pneumococcal conjugate,[Pneu-C] pneumocoque conjugué,Pneu-C,Pneu-C,International,FALSE,2019-11-07
7661000087108,Pneumococcal 10-valent conjugate vaccine (product),Pneu-C-10 pneumococcal conjugate 10-valent unspecified,Pneu-C-10 pneumocoque conjugué 10-valent non spécifié,Pneumococcal conjugate 10,pneumocoque conjugué 10,[Pneu-C-10] Pneumococcal conjugate 10,[Pneu-C-10] pneumocoque conjugué 10,Pneu-C-10,Pneu-C-10,Marketed,FALSE,2019-11-07
448964007,Pneumococcal 13-valent conjugate vaccine (product),Pneu-C-13 pneumococcal conjugate 13-valent unspecified,Pneu-C-13 pneumocoque conjugué 13-valent non spécifié,Pneumococcal conjugate 13,Pneumocoque Conjugué 13,[Pneu-C-13] Pneumococcal conjugate 13,[Pneu-C-13] Pneumocoque Conjugué 13,Pneu-C-13,Pneu-C-13,Marketed,FALSE,2019-11-07
125714002,Pneumococcal 7-valent conjugate vaccine (product),Pneu-C-7 pneumococcal conjugate 7-valent unspecified,Pneu-C-7 pneumocoque conjugué 7-valent non spécifié,Pneumococcal conjugate 7,Pneumocoque Conjugué 7,[Pneu-C-7] Pneumococcal conjugate 7,[Pneu-C-7] Pneumocoque Conjugué 7,Pneu-C-7,Pneu-C-7,Cancelled,FALSE,2019-11-07
135642004,Pneumococcal polysaccharide vaccine (product),Pneu-P pneumococcal polysaccharide unspecified,Pneu-P pneumocoque polysaccharidique non spécifié,Pneumococcal polysaccharide,Pneumocoque Polysaccharidique,[Pneu-P] Pneumococcal polysaccharide,[Pneu-P] Pneumocoque Polysaccharidique,Pneu-P,Pneu-P,International,FALSE,2019-11-07
7251000087108,Pneumococcal 23-valent polysaccharide vaccine (product),Pneu-P-23 pneumococcal polysaccharide 23-valent unspecified,Pneu-P-23 pneumocoque polysaccharidique 23-valent non spécifié,Pneumococcal polysaccharide 23,pneumocoque polysaccharidique 23,[Pneu-P-23] Pneumococcal polysaccharide 23,[Pneu-P-23] pneumocoque polysaccharidique 23,Pneu-P-23,Pneu-P-23,Dormant,FALSE,2019-11-07
386013003,Rubella vaccine (product),R rubella unspecified,R rubéole non spécifié,Rubella,Rubéole,[R] Rubella,[R] Rubéole,R,R,International,FALSE,2019-11-07
108725001,Product containing palivizumab (medicinal product),RSVAb respiratory syncytial virus monoclonal antibody unspecified,RSVAc anticorps monoclonal contre le virus respiratoire syncytial non spécifié,Respiratory syncytial virus monoclonal antibody,Anticorps monoclonal contre le virus respiratoire syncytial,[RSVAb] Respiratory syncytial virus monoclonal antibody,[RSVAc] Anticorps monoclonal contre le virus respiratoire syncytial,RSVAb,RSVAc,Marketed,TRUE,2019-11-07
108723008,Product containing respiratory syncytial virus immune globulin (medicinal product),RSVIg respiratory syncytial virus immunoglobulin unspecified,RSVIg immunoglobuline contre le virus respiratoire syncytial non spécifié,Respiratory syncytial virus immunoglobulin,immunoglobuline contre le virus respiratoire syncytial,[RSVAb] Respiratory syncytial virus immunoglobulin,[RSVAc] immunoglobuline contre le virus respiratoire syncytial,RSVIg,RSVIg,Marketed,TRUE,2019-11-07
3526007,"Rabies vaccine, human (product)",Rab rabies unspecified,Rage non spécifié,Rabies,Rage,[Rab] Rabies,[Rage] Rage,Rab,Rage,Marketed,FALSE,2019-11-07
80834004,Product containing rabies human immune globulin (medicinal product),RabIg rabies immunoglobulin unspecified,RIg immunoglobuline antirabique non spécifié,Rabies immunoglobulin,Immunoglobuline antirabique,[RabIg] Rabies immunoglobulin,[RIg] Immunoglobuline antirabique,RabIg,RIg,Marketed,TRUE,2019-11-07
116077000,Rotavirus vaccine (product),Rota rotavirus unspecified,Rota rotavirus non spécifié,Rotavirus,Rotavirus,[Rota] Rotavirus,[Rota] Rotavirus,Rota,Rota,International,FALSE,2019-11-07
7811000087105,Rotavirus monovalent vaccine (product),Rota-1 rotavirus monovalent unspecified,Rota-1 rotavirus monovalent non spécifié,Rotavirus monovalent,rotavirus monovalent,[Rota-1] Rotavirus monovalent,[Rota-1] rotavirus monovalent,Rota-1,Rota-1,Marketed,FALSE,2019-11-07
7821000087102,Rotavirus pentavalent vaccine (product),Rota-5 rotavirus pentavalent unspecified,Rota-5 rotavirus pentavalent non spécifié,Rotavirus pentavalent,rotavirus pentavalent,[Rota-5] Rotavirus pentavalent,[Rota-5] rotavirus pentavalent,Rota-5,Rota-5,Marketed,FALSE,2019-11-07
33234009,Smallpox vaccine (product),Sma smallpox unspecified,Sma variole non spécifié,Smallpox,variole,[Sma] Smallpox,[Sma] variole,Sma,Sma,International,FALSE,2019-11-07
333621002,Tetanus vaccine (product),T tetanus unspecified,T tétanos non spécifié,Tetanus,Tétanos,[T] Tetanus,[T] Tétanos,T,T,International,FALSE,2019-11-07
7751000087104,Tetanus + inactivated poliomyelitis vaccine (product),T-IPV tetanus + inactivated poliomyelitis unspecified,T-VPI tétanos + polio inactivé adulte non spécifié,Tetanus + Polio,tétanos + polio inactivé,[T-IPV] Tetanus + Polio,[T-VPI] tétanos + polio inactivé,T-IPV,T-VPI,International,FALSE,2019-11-07
333699008,Tick-borne encephalitis vaccine (product),TBE tick-borne encephalitis unspecified,ETT encéphalite transmise par tiques non spécifié,Tick-borne Encephalitis,Encéphalite Transmise par Tiques,[TBE] Tick-borne Encephalitis,[ET] Encéphalite Transmise par Tiques,TBE,ET,International,FALSE,2019-11-07
86337009,Product containing tetanus immunoglobulin of human origin (medicinal product),TIg tetanus immunoglobulin unspecified,TIg immunoglobuline antitétanique non spécifié,Tetanus immunoglobulin,immunoglobuline antitétanique,[Tig] Tetanus immunoglobulin,[Tig] immunoglobuline antitétanique,TIg,TIg,Marketed,TRUE,2019-11-07
68208009,Product containing diphtheria toxoid and tetanus toxoid adsorbed (medicinal product),Td tetanus + diphtheria adult unspecified,dT diphtérie + tétanos adulte non spécifié,Tetanus + Diphtheria,diphtérie + tétanos,[Td] Tetanus + Diphtheria,[dT] diphtérie + tétanos,Td,dT,Marketed,FALSE,2019-11-07
7911000087101,Tetanus + diphtheria low dose + inactivated poliomyelitis vaccine (product),Td-IPV tetanus + diphtheria + inactivated poliomyelitis adult unspecified,dT-VPI diphtérie + tétanos + polio inactivé adulte non spécifié,Tetanus + Diphtheria + Polio,diphtérie + tétanos + polio inactivé,[Td-IPV] Tetanus + Diphtheria + Polio,[dT-VPI] diphtérie + tétanos + polio inactivé,Td-IPV,dT-VPI,Cancelled,FALSE,2019-11-07
7851000087109,Tetanus + diphtheria low dose + acellular pertussis low dose vaccine (product),Tdap tetanus + diphtheria + acellular pertussis adult unspecified,dcaT diphtérie + coqueluche acellulaire + tétanos adulte non spécifié,Tetanus + Diphtheria + Pertussis,diphtérie + coqueluche acellulaire + tétanos,[Tdap] Tetanus + Diphtheria + Pertussis,[dcaT] diphtérie + coqueluche acellulaire + tétanos,Tdap,dcaT,Marketed,FALSE,2019-11-07
7891000087104,Tetanus + diphtheria low dose + acellular pertussis low dose + inactivated poliomyelitis vaccine (product),Tdap-IPV tetanus + diphtheria + acellular pertussis + inactivated poliomyelitis adult unspecified,dcaT-VPI diphtérie + coqueluche acellulaire + tétanos + polio inactivé adulte non spécifié,Tetanus + Diphtheria + Pertussis + Polio,diphtérie + coqueluche acellulaire + tétanos + polio inactivé,[Tdap-IPV] Tetanus + Diphtheria + Pertussis + Polio,[dcaT-VPI] diphtérie + coqueluche acellulaire + tétanos + polio inactivé,Tdap-IPV,dcaT-VPI,Marketed,FALSE,2019-11-07
89428009,Typhoid vaccine (product),Typh typhoid unspecified,Typh tyhphoïde non spécifié,Typhoid,tyhphoïde,[Typh] Typhoid,[Typh] tyhphoïde,Typh,Typh,International,FALSE,2019-11-07
346639000,Typhoid polysaccharide vaccine (product),Typh-I typhoid polysaccharide injectable unspecified,Typh-I typhoïde polysaccharidique injectable non spécifié,Typhoid polysaccharide injectable,Typhoïde Polysaccharidique Injectable,[Typh-I] Typhoid polysaccharide injectable,[Typh-I] Typhoïde Polysaccharidique Injectable,Typh-I,Typh-I,Marketed,FALSE,2019-11-07
346696005,Typhoid live oral vaccine (product),Typh-O typhoid live oral unspecified,Typh-O typhoïde oral vivant non spécifié,Typhoid live oral,Typhoïde Oral Vivant,[Typh-O] Typhoid live oral,[Typh-O] Typhoïde Oral Vivant,Typh-O,Typh-O,Marketed,FALSE,2019-11-07
79873000,Product containing Vaccinia human immune globulin (medicinal product),VIG vaccinia immune globulin unspecified,VIg Immunoglobuline antivaccinale non spécifié,Vaccinia immune globulin,Immunoglobuline antivaccinale,[VIG] Vaccinia immune globulin,[VIG] Immunoglobuline antivaccinale,VIG,VIG,Marketed,TRUE,2019-11-07
108729007,Varicella virus vaccine (product),Var varicella unspecified,Var varicelle non spécifié,Varicella,Varicelle,[Var] Varicella,[Var] Varicelle,Var,Var,Marketed,FALSE,2019-11-07
62294009,Product containing varicella-zoster virus antibody (medicinal product),VarIg varicella immunoglobulin unspecified,VarIg immunoglobuline antivaricelleuse-antizostérienne non spécifié,Varicella immunoglobulin,immunoglobuline antivaricelleuse-antizostérienne,[VarIG] Varicella immunoglobulin,[VarIG] immunoglobuline antivaricelleuse-antizostérienne,VarIg,VarIg,Marketed,TRUE,2019-11-07
56844000,Yellow fever vaccine (product),YF yellow fever unspecified,FJ fièvre jaune non spécifié,Yellow Fever,fièvre jaune,[YF] Yellow Fever,[FJ] fièvre jaune,YF,FJ,Marketed,FALSE,2019-11-07
23001000087100,Varicella-zoster non-live adjuvanted vaccine (product),Zos zoster non-live adjuvanted unspecified,Zona non vivant avec adjuvant non spécifié,Zoster (Shingles) non-live,Zona non vivant,[Zos] Zoster (Shingles) non-live,[Zos] Zona non vivant,Zos,Zos,Marketed,FALSE,2019-11-07
407746005,Varicella-Zoster live attenuated vaccine (product),Varicella-zoster live attenuated vaccine,vaccin vivant atténué contre le virus varicella-zoster,Zos-Live,Zona-vivant,[Zos-Live] Zoster (Shingles) live,[Zona-vivant] Zona vivant,Zos-Live,Zona-vivant,Marketed,FALSE,2019-11-07
407737004,Varicella-zoster vaccine (product),Zos zoster unspecified,Zona non spécifié,Zoster (Shingles),Zona,[Zos] Zoster (Shingles),[Zos] Zona,Zos-unspecified,zona-non spécifié,Marketed,FALSE,2019-11-07
7771000087105,Acellular pertussis standard dose vaccine (product),aP pertussis acellular pediatric unspecified,Ca coqueluche acellulaire pédiatrique non spécifié,Pertussis,coqueluche,[aP] Pertussis,[Ca] coqueluche,aP,Ca,International,FALSE,2019-11-07
7781000087107,Acellular pertussis low dose vaccine (product),ap pertussis acellular adult unspecified,ca coqueluche acellulaire adulte non spécifié,Pertussis,coqueluche,[ap] Pertussis,[ca] coqueluche,ap,ca,International,FALSE,2019-11-07
449019003,Acellular pertussis vaccine (product),Pertussis acellular unspecified,coqueluche acellulaire non spécifié,Pertussis,coqueluche,[ap/aP] Pertussis,[ca/Ca] coqueluche,ap/aP,ca/Ca,International,FALSE,2019-11-07
61602008,Pertussis vaccine (product),Pertussis unspecified,coqueluche non spécifié,Pertussis,coqueluche,[ap/aP/wP] Pertussis,[ca/Ca/C] coqueluche,ap/aP/wP,ca/Ca/C,International,FALSE,2019-11-07
7741000087102,Diphtheria low dose vaccine (product),d diphtheria adult unspecified,d diphtérie adulte non spécifié,Diphtheria,Diphtérie,[d] Diphtheria,[d] diphtérie,d,d,International,FALSE,2019-11-07
7761000087101,Whole cell pertussis standard dose vaccine (product),wP pertussis whole cell pediatric unspecified,coqueluche à germes entiers pédiatrique non spécifié,Pertussis whole cell pediatric,coqueluche à germes entiers pédiatrique,[wP] Pertussis whole cell pediatric,[C] coqueluche à germes entiers pédiatrique,wP,C,International,FALSE,2019-11-07
48028008,Haemophilus b polysaccharide conjugate (diphtheria toxoid conjugate) vaccine (product),D-Hib diphtheria + Haemophilus influenzae type b unspecified,,Hib - Haemophilus influenzae type b,Hib - Haemophilus influenzae de type b,[Hib] Hib - Haemophilus influenzae type b,[Hib] Hib - Haemophilus influenzae de type b,Hib,Hib,Deprecated,FALSE,2019-11-07
421281005,Men-AC meningococcal A + C unspecified,,,Meningococcal  A+C,méningocoque A+C,[Men-AC] Meningococcal A+C,[Men-AC] Meningococcal A+C,Men-AC,Men-AC,Deprecated,FALSE,2019-11-07
19461000087101,Meningococcal group B vaccine (product),Men-B meningococcal B unspecified,Men-B méningocoque B non spécifié,Meningococcal B,méningocoque B,[Men-B] Meningococcal B,[Men-B] méningocoque B,Men-B,Men-B,Deprecated,FALSE,2019-11-07
7291000087103,Mumps virus vaccine (product),Mu mumps unspecified,,Mumps,oreillons,[Mu] Mumps,[O] oreillons,Mu,O,Deprecated,FALSE,2019-11-07
59999009,Tetanus and diphtheria toxoid adsorbed for adult use (product),Td tetanus + diphtheria adult unspecified,dT diphtérie + tétanos adulte non spécifié,Tetanus + Diphtheria,diphtérie + tétanos,[Td] Tetanus + Diphtheria,[dT] diphtérie + tétanos,Td,dT,Deprecated,FALSE,2019-11-07
412324003,Typhoid VI polysaccharide vaccine (product),Typhoid VI polysaccharide unspecified,,Typhoid VI polysaccharide,Typhoïde VI polysaccharidique,[Typh] Typhoid VI polysaccharide,[Typh] Typhoïde VI polysaccharidique,Typh,Typh,Deprecated,FALSE,2019-11-07
