uniqueId,conceptId,gtin,din,brand,shortEnDescription,dataProviderName,dataProviderGln,productType,lastUpdated
0d025f28-0502-4286-a003-320518cccd15,20741000087105,620641015623,02426544,FLUMIST,Flumist Q/LAIV Spray 0.2mL,AstraZeneca Canada Inc.,68780059458,Consumer or Base,2019-07-18
59b16cde-dd9c-4882-b273-3ab7c2bdd41e,19311000087109,63601046839,02417030,BEXSERO,BEXSERO 10X0.5 ML,GlaxoSmithKline Inc. (Pharmaceuticals),62021000018,Consumer or Base,2019-07-18
a5596aef-d783-44b7-93f1-0961bf000a13,19311000087109,63601046822,02417030,BEXSERO,BEXSERO 1X0.5ML,GlaxoSmithKline Inc. (Pharmaceuticals),62021000018,Consumer or Base,2019-07-18
9f160d3c-f9ab-49e5-8405-a92e01e5f83c,19311000087109,10620216762133,02417030,BEXSERO,,GlaxoSmithKline Inc. (Pharmaceuticals),62021000018,Application Unit,2019-07-18
a51daf27-1d47-42f1-8160-2df43ac84514,19311000087109,20620216762130,02417030,BEXSERO,,GlaxoSmithKline Inc. (Pharmaceuticals),62021000018,Consumer or Base,2019-07-18
d509d6ae-b2c2-4e50-a8f0-0bd0f8a3bca8,19311000087109,10620216762065,02417030,BEXSERO,,GlaxoSmithKline Inc. (Pharmaceuticals),62021000018,Application Unit,2019-07-18
46f24890-58ed-4b1a-bf3f-01fd811fed8e,19311000087109,20620216762062,02417030,BEXSERO,,GlaxoSmithKline Inc. (Pharmaceuticals),62021000018,Consumer or Base,2019-07-18
ba51c3b9-1795-4a7f-be19-e0db5a9d0d0a,7441000087109,62021406308,02247600,Boostrix,Diphtheria/Tetanus/Acellur Vaccine,GlaxoSmithKline Inc. (Pharmaceuticals),62021000018,Consumer or Base,2019-07-18
9dddaf5f-e214-4c1e-ba22-5a1cc1a2c4b1,7441000087109,62021407503,02247600,Boostrix,Diphtheria/Tetanus/Acellur Vaccine,GlaxoSmithKline Inc. (Pharmaceuticals),62021000018,Consumer or Base,2019-07-18
f938df79-d1d1-457f-9e00-fae2517c6a16,7441000087109,10620214075037,02247600,BOOSTRIX,,GlaxoSmithKline Inc. (Pharmaceuticals),62021000018,Application Unit,2019-07-18
719291ac-fc5e-4ae2-b6f9-21bb50bc9786,7441000087109,20620214075034,02247600,BOOSTRIX,,GlaxoSmithKline Inc. (Pharmaceuticals),62021000018,Consumer or Base,2019-07-18
da28a1c9-808b-449c-a5ac-051fe9c96fa2,7491000087102,10620211098589,02312557,BOOSTRIX - POLIO,,GlaxoSmithKline Inc. (Pharmaceuticals),62021000018,Application Unit,2019-07-18
58a38178-c92b-4b00-ae7e-837e60152ab1,7491000087102,20620211098586,02312557,BOOSTRIX - POLIO,,GlaxoSmithKline Inc. (Pharmaceuticals),62021000018,Consumer or Base,2019-07-18
c0a369fd-8735-40d1-8a6a-0b1185b84368,7491000087102,62021109759,02312557,BOOSTRIX-POLIO,Active Immunizing Agent,GlaxoSmithKline Inc. (Pharmaceuticals),62021000018,Consumer or Base,2019-07-18
43c1d73b-6098-460f-b793-140fde435bcf,7491000087102,62021109858,02312557,BOOSTRIX-POLIO,Active Immunizing Agent,GlaxoSmithKline Inc. (Pharmaceuticals),62021000018,Consumer or Base,2019-07-18
446e3e96-2916-4cdf-bc28-8fd18e42535d,7341000087101,62021407053,02342227,Cervarix,Human Papillomavirus Vaccine,GlaxoSmithKline Inc. (Pharmaceuticals),62021000018,Consumer or Base,2019-07-18
7a448ac0-9f1e-4f8d-91e0-69c826555c31,7341000087101,20620214070534,02342227,CERVARIX,,GlaxoSmithKline Inc. (Pharmaceuticals),62021000018,Consumer or Base,2019-07-18
9ff9b471-a18d-45fd-8d23-4618d18f9aae,6911000087104,770933319011,01919431,Engerix - B,Hepatitis B Vaccine,GlaxoSmithKline Inc. (Pharmaceuticals),62021000018,Consumer or Base,2019-07-18
e7e70301-5944-4bc4-8072-9e0be4b77e65,6921000087107,770933319028,02296454,Engerix - B (Junior),Hepatitis B Vaccine,GlaxoSmithKline Inc. (Pharmaceuticals),62021000018,Consumer or Base,2019-07-18
286d231a-5833-4433-9cdf-c3394087521f,20811000087102,62021406957,02420783,FLULAVAL TETRA,Quadrivalent Influenza Vaccine,GlaxoSmithKline Inc. (Pharmaceuticals),62021000018,Consumer or Base,2019-07-18
1857247d-f7ea-4abe-98f9-329577d4ceb6,20811000087102,20620214069576,02420783,FLULAVAL TETRA,,GlaxoSmithKline Inc. (Pharmaceuticals),62021000018,Consumer or Base,2019-07-18
19802232-209d-42c7-b752-56a461f06043,20811000087102,10620214069579,02420783,FLULAVAL TETRA,,GlaxoSmithKline Inc. (Pharmaceuticals),62021000018,Application Unit,2019-07-18
0cf63f8a-6560-41f1-a211-2fb33582632e,7541000087108,62021427303,02420686,FLUVIRAL,FLUVIRAL VACCINE 5ML VIAL,GlaxoSmithKline Inc. (Pharmaceuticals),62021000018,Consumer or Base,2019-07-18
c3540d57-a18b-4f05-bf60-265f74987506,7541000087108,779038098159,02420686,FLUVIRAL,,GlaxoSmithKline Inc. (Pharmaceuticals),62021000018,Consumer or Base,2019-07-18
b548a16c-2f5c-4a34-893f-b4f3b8fb65b8,7541000087108,10620214273037,02420686,FLUVIRAL,,GlaxoSmithKline Inc. (Pharmaceuticals),62021000018,Application Unit,2019-07-18
10a9585a-738d-4838-8a9c-7cc11fe1b75f,7541000087108,20620214273034,02420686,FLUVIRAL,,GlaxoSmithKline Inc. (Pharmaceuticals),62021000018,Consumer or Base,2019-07-18
80468cbc-5b2d-48b8-a56d-a01d1cf43dcd,6881000087104,20620214062096,02231056,HAVRIX,,GlaxoSmithKline Inc. (Pharmaceuticals),62021000018,Consumer or Base,2019-07-18
aeb2284b-f776-4578-b419-1c6078926fdc,6871000087101,20620214062546,02187078,HAVRIX,,GlaxoSmithKline Inc. (Pharmaceuticals),62021000018,Consumer or Base,2019-07-18
4952bb84-7b85-49d0-bc62-2348a5f5f6ef,6871000087101,770933323025,02187078,Havrix 1440 (single dose),Hepatitis A Vaccine,GlaxoSmithKline Inc. (Pharmaceuticals),62021000018,Consumer or Base,2019-07-18
61bff85b-2de1-4af6-9e85-2d7ab3e10391,6871000087101,770933000025,02187078,Havrix 1440 vaccine (PFS),Hepatitis A Vaccine,GlaxoSmithKline Inc. (Pharmaceuticals),62021000018,Consumer or Base,2019-07-18
ed42ffcb-3da4-46ac-b2e5-3ea74e904d8b,6881000087104,770933000018,02231056,Havrix 720 Junior vaccine (PFS),Hepatitis A Vaccine,GlaxoSmithKline Inc. (Pharmaceuticals),62021000018,Consumer or Base,2019-07-18
27b165fe-b8ef-4f7c-908c-0c986224a0cc,7041000087104,62021406759,02239200,HIBERIX,,GlaxoSmithKline Inc. (Pharmaceuticals),62021000018,Consumer or Base,2019-07-18
3a6079d8-8280-467a-84b9-63b3d119eb60,7041000087104,20620214067596,02239200,HIBERIX,,GlaxoSmithKline Inc. (Pharmaceuticals),62021000018,Consumer or Base,2019-07-18
e8d655d9-3af9-4d7a-80a8-c5d3b6c285e9,7451000087107,7451000087107,02253852,INFANRIX,,GlaxoSmithKline Inc. (Pharmaceuticals),62021000018,Consumer or Base,2019-07-18
7a4f5b34-84d3-4ba3-a8dc-58d9502a134d,7451000087107,7451000087107,02253852,INFANRIX,,GlaxoSmithKline Inc. (Pharmaceuticals),62021000018,Application Unit,2019-07-18
5acc830f-70c9-48ae-a06d-90fb380af5ee,7451000087107,62021406100,02253852,Infanrix Hexa,Active immunizing Agent,GlaxoSmithKline Inc. (Pharmaceuticals),62021000018,Consumer or Base,2019-07-18
b1920323-7b2d-4bf6-b05c-965e52570987,21701000087104,63601028040,02243820,MENJUGATE,MENJUGATE 10X0.5 ML,GlaxoSmithKline Inc. (Pharmaceuticals),62021000018,Consumer or Base,2019-11-07
4a05e8c9-d35d-40bc-ac1a-22af57b1cdc7,21701000087104,62021676244,02243820,MENJUGATE,MENJUGATE 10X0.5 ML,GlaxoSmithKline Inc. (Pharmaceuticals),62021000018,Consumer or Base,2019-11-07
43282283-28a6-497a-aa9c-d0b692e5b8ea,21701000087104,62021676237,02243820,MENJUGATE,MENJUGATE 1X0.5 ML,GlaxoSmithKline Inc. (Pharmaceuticals),62021000018,Consumer or Base,2019-11-07
ae370b02-12eb-4ac4-b9c1-f95660f83521,21701000087104,63601028705,02243820,MENJUGATE,MENJUGATE 1X0.5 ML,GlaxoSmithKline Inc. (Pharmaceuticals),62021000018,Consumer or Base,2019-11-07
0769661d-3513-4457-929f-2918f76f5055,21701000087104,20620216762444,02243820,MENJUGATE,,GlaxoSmithKline Inc. (Pharmaceuticals),62021000018,Consumer or Base,2019-11-07
7498fd0a-2943-4365-b0e2-3e519fa16fb7,21701000087104,10620216762447,02243820,MENJUGATE,,GlaxoSmithKline Inc. (Pharmaceuticals),62021000018,Application Unit,2019-11-07
5094fb26-a356-49bb-b47a-1ac5f4cde71c,21701000087104,20620216762376,02243820,MENJUGATE,,GlaxoSmithKline Inc. (Pharmaceuticals),62021000018,Consumer or Base,2019-11-07
c394c913-891a-4a10-8bac-c1f2b165254d,21701000087104,10620216762379,02243820,MENJUGATE,,GlaxoSmithKline Inc. (Pharmaceuticals),62021000018,Application Unit,2019-11-07
61502f8e-758e-406f-a604-3550f02483f0,7141000087103,63601176260,02347393,MENVEO,MENVEO 1X0.5 ML,GlaxoSmithKline Inc. (Pharmaceuticals),62021000018,Consumer or Base,2019-07-18
9d5444d0-b7d2-45e4-8ce9-e923e428fbb4,7141000087103,63601006789,02347393,MENVEO,MENVEO 5X0.5 ML,GlaxoSmithKline Inc. (Pharmaceuticals),62021000018,Consumer or Base,2019-07-18
734b8d96-daba-42e4-bd31-dc9106ff6105,7141000087103,62021676251,02347393,MENVEO,,GlaxoSmithKline Inc. (Pharmaceuticals),62021000018,Consumer or Base,2019-07-18
c35d6a91-6773-460e-b8cf-d2fd06476619,7141000087103,20620216762512,02347393,MENVEO,,GlaxoSmithKline Inc. (Pharmaceuticals),62021000018,Consumer or Base,2019-07-18
559a5ee3-9c84-4907-817e-7e416d4c0e39,7141000087103,10620216762515,02347393,MENVEO,,GlaxoSmithKline Inc. (Pharmaceuticals),62021000018,Application Unit,2019-07-18
60fc17e6-4b1a-455a-9ac1-e4f66b530560,7141000087103,62021676268,02347393,MENVEO,,GlaxoSmithKline Inc. (Pharmaceuticals),62021000018,Consumer or Base,2019-07-18
de5679dc-261d-4f63-9806-fd73b1444933,7141000087103,20620216762680,02347393,MENVEO,,GlaxoSmithKline Inc. (Pharmaceuticals),62021000018,Consumer or Base,2019-07-18
d11a4868-6714-4942-a6ee-0e4c151b6b41,7141000087103,10620216762683,02347393,MENVEO,,GlaxoSmithKline Inc. (Pharmaceuticals),62021000018,Application Unit,2019-07-18
5279646c-a842-4939-b9a3-acc4198d0998,7081000087109,779038096117,02245057,NEISVAC-C,,GlaxoSmithKline Inc. (Pharmaceuticals),62021000018,Consumer or Base,2019-07-18
908088c9-c16e-49e9-b502-1ebdfda963d9,19351000087108,62021255500,02402904,Nimenrix,Active Immunizing Agent,GlaxoSmithKline Inc. (Pharmaceuticals),62021000018,Consumer or Base,2019-07-18
18f46679-ddfb-44a1-a86f-feac8c516634,19351000087108,62021255555,02402904,Nimenrix,Active Immunizing Agent,GlaxoSmithKline Inc. (Pharmaceuticals),62021000018,Consumer or Base,2019-07-18
206b613f-7c0f-4dde-80b4-34b394bb50c4,7171000087106,770933001107,02239208,Priorix,"Measles, Mumps, Rubella Vaccine",GlaxoSmithKline Inc. (Pharmaceuticals),62021000018,Consumer or Base,2019-07-18
04999dff-4103-4130-afab-e72a704890ca,7171000087106,20620214122004,02239208,PRIORIX,,GlaxoSmithKline Inc. (Pharmaceuticals),62021000018,Consumer or Base,2019-07-18
df7348da-78ac-4115-80f4-7536583f0f26,7171000087106,10620214122007,02239208,PRIORIX,,GlaxoSmithKline Inc. (Pharmaceuticals),62021000018,Application Unit,2019-07-18
ab1a65c3-f53d-4d21-8b72-308b1dcc6c5e,7181000087108,20620214071524,02297884,PRIORIX - TETRA,,GlaxoSmithKline Inc. (Pharmaceuticals),62021000018,Consumer or Base,2019-07-18
c72aefc8-2ff8-4e80-8ae3-c2f6c7e76d84,7181000087108,10620214071527,02297884,PRIORIX - TETRA,,GlaxoSmithKline Inc. (Pharmaceuticals),62021000018,Application Unit,2019-07-18
608e0a4e-96b4-4d95-a3ad-588c7fb0a3da,7181000087108,62021407152,02297884,Priorix-Tetra,Measles Mumps Rubella Varicella vac,GlaxoSmithKline Inc. (Pharmaceuticals),62021000018,Consumer or Base,2019-07-18
eafd1286-c22f-44b1-b119-6c0da8b8ffba,7391000087108,62021676275,02267667,RABAVERT,RABAVERT 1 ML,GlaxoSmithKline Inc. (Pharmaceuticals),62021000018,Consumer or Base,2019-07-18
a74f1c2b-59f4-4f26-8f1d-e55684e7ff7b,7391000087108,63601001777,02267667,RABAVERT,RABAVERT 1 ML,GlaxoSmithKline Inc. (Pharmaceuticals),62021000018,Consumer or Base,2019-07-18
adf6a061-c9ac-4489-b4bd-19a3c0ecd16c,7391000087108,20620216762758,02267667,RABAVERT,,GlaxoSmithKline Inc. (Pharmaceuticals),62021000018,Consumer or Base,2019-07-18
642965ed-ea48-4330-8c0a-da38fc2416bf,7391000087108,10620216762751,02267667,RABAVERT,,GlaxoSmithKline Inc. (Pharmaceuticals),62021000018,Application Unit,2019-07-18
96fb62aa-0642-4052-a725-03e26f974535,7191000087105,62021119307,02300591,ROTARIX,Human rotavirus,GlaxoSmithKline Inc. (Pharmaceuticals),62021000018,Consumer or Base,2019-07-18
a2a54c2b-b910-44a7-8fbb-72e008d5945d,7191000087105,20620211193076,02300591,ROTARIX,,GlaxoSmithKline Inc. (Pharmaceuticals),62021000018,Consumer or Base,2019-07-18
1fc05bfc-c438-4eee-97ab-5379435dc162,7191000087105,62021109902,02300591,ROTARIX,,GlaxoSmithKline Inc. (Pharmaceuticals),62021000018,#N/A,2019-07-18
3fd3ca86-0c18-4766-9393-f35fbddd6438,7191000087105,2062021109902,02300591,ROTARIX,,GlaxoSmithKline Inc. (Pharmaceuticals),62021000018,Consumer or Base,2019-07-18
3579a218-de69-451a-b745-7f8f402b7fbc,23011000087103,62021676060,02468425,SHINGRIX,SHINGRIX VACCINE - 1 DOSE,GlaxoSmithKline Inc. (Pharmaceuticals),62021000018,Consumer or Base,2019-07-18
0d2824ee-8be9-4690-9fda-ff655eb13c48,23011000087103,62021676077,02468425,SHINGRIX,SHINGRIX VACCINE - 10 DOSE,GlaxoSmithKline Inc. (Pharmaceuticals),62021000018,Consumer or Base,2019-07-18
e2f128d8-0fe2-4643-b5a4-42ca7903ab27,23011000087103,20620216760600,02468425,SHINGRIX,,GlaxoSmithKline Inc. (Pharmaceuticals),62021000018,Consumer or Base,2019-07-18
18dcb774-8c22-4884-9304-095839a58ff5,23011000087103,10620216760603,02468425,SHINGRIX,,GlaxoSmithKline Inc. (Pharmaceuticals),62021000018,Application Unit,2019-07-18
75c99b64-3877-4935-a234-a1d7e4dacdce,23011000087103,20620216760778,02468425,SHINGRIX,,GlaxoSmithKline Inc. (Pharmaceuticals),62021000018,Consumer or Base,2019-07-18
01da6673-f394-45a8-877f-133da9353ccb,23011000087103,10620216760771,02468425,SHINGRIX,,GlaxoSmithKline Inc. (Pharmaceuticals),62021000018,Application Unit,2019-07-18
5a798cf8-255a-4963-8d82-83cbae421db8,7671000087104,20620211099576,02320541,SYNFLORIX,,GlaxoSmithKline Inc. (Pharmaceuticals),62021000018,Consumer or Base,2019-07-18
43755aff-a0c3-4d59-9c66-1d23985e4846,7671000087104,10620211099579,02320541,SYNFLORIX,,GlaxoSmithKline Inc. (Pharmaceuticals),62021000018,Application Unit,2019-07-18
addc39a0-bc81-4227-a596-f72fd168376d,7671000087104,62021109957,02320541,Synflorix (PFS),Pneumococcal conjugate vaccine,GlaxoSmithKline Inc. (Pharmaceuticals),62021000018,Consumer or Base,2019-07-18
08a901e7-1395-4ae9-a3ad-38a920154e99,7671000087104,62021110052,02320541,Synflorix Vaccine Single Dose (vial),Pneumococcal conjugate vaccine,GlaxoSmithKline Inc. (Pharmaceuticals),62021000018,Consumer or Base,2019-07-18
8a074d58-cea0-4ac5-8fd8-d5231aa4cd18,6971000087106,62021407107,02230578,TWINRIX,,GlaxoSmithKline Inc. (Pharmaceuticals),62021000018,Consumer or Base,2019-07-18
80d2b82a-d354-48a0-8a61-ab09a7aca7b8,6971000087106,20620214068036,02230578,TWINRIX,,GlaxoSmithKline Inc. (Pharmaceuticals),62021000018,Consumer or Base,2019-07-18
97f58ecb-367d-48d4-87b6-648680cdcf25,6971000087106,20620214069026,02230578,TWINRIX,,GlaxoSmithKline Inc. (Pharmaceuticals),62021000018,Consumer or Base,2019-07-18
fd11693e-890e-4514-b800-c7bb2ac98006,6961000087102,770933000162,02237548,Twinrix Junior (PFS),Hepatitis A+B Vaccine,GlaxoSmithKline Inc. (Pharmaceuticals),62021000018,Consumer or Base,2019-07-18
4c1d9a3d-5c16-4813-9512-9193fa789377,6971000087106,770933000179,02230578,Twinrix Vaccine Single Dose (PFS),Hepatitis A+B Vaccine,GlaxoSmithKline Inc. (Pharmaceuticals),62021000018,Consumer or Base,2019-07-18
84bc6a07-db51-498e-90a8-22c06c0e7d9e,7301000087104,770933001183,02242727,Typherix,Active Immunizing Agent,GlaxoSmithKline Inc. (Pharmaceuticals),62021000018,Consumer or Base,2019-07-18
3f88f3c6-5b3b-4e15-bf1b-fa9f0fc1d674,7231000087104,62021423008,02241047,Varilrix,Varicella-zoster virus vaccine,GlaxoSmithKline Inc. (Pharmaceuticals),62021000018,Consumer or Base,2019-07-18
5fb13809-c8cf-41ba-ab83-64f0ca435c35,7231000087104,20620214230082,02241047,VARILRIX,,GlaxoSmithKline Inc. (Pharmaceuticals),62021000018,Consumer or Base,2019-07-18
f29e1b07-d801-4e34-8d22-e70da58a49f5,7231000087104,10620214230085,02241047,VARILRIX,,GlaxoSmithKline Inc. (Pharmaceuticals),62021000018,Application Unit,2019-07-18
7aa8b926-9c07-4661-bd36-88233a53b6eb,7351000087103,67055047879,02283190,GARDASIL,GARDASIL 0.5mL vial,Merck Canada Inc.,67055000010,Application Unit,2019-07-18
ae3b4402-6f54-4f3f-8969-5ba5f73bbdbd,7351000087103,67055047701,02283190,GARDASIL,GARDASIL 10x0.5mL vials,Merck Canada Inc.,67055000010,Consumer or Base,2019-07-18
c9356bcc-b8f5-4bbc-afb2-487fd70db770,7351000087103,10067055047708,02283190,GARDASIL,GARDASIL 10x0.5mL vials,Merck Canada Inc.,67055000010,Case,2019-07-18
50114184-e51e-4f0d-9419-64cd7960ad70,7351000087103,10067055047579,02283190,GARDASIL,GARDASIL 1x0.5mL vial,Merck Canada Inc.,67055000010,Case,2019-07-18
8014a07a-6d71-4bf6-9534-8bb365b19050,7351000087103,67055047572,02283190,GARDASIL,GARDASIL 1x0.5mL vial,Merck Canada Inc.,67055000010,Consumer or Base,2019-07-18
1b7c3ab8-feb4-4ae4-abda-f6ad2a0cdcc0,20871000087109,67055049774,02437058,GARDASIL9,GARDASIL9 10x0.5mL vials,Merck Canada Inc.,67055000010,Consumer or Base,2019-07-18
a2eb2b67-5618-4778-a3f8-47280ce2395b,20871000087109,67055049699,02437058,GARDASIL9,GARDASIL9 1x0.5mL syringe,Merck Canada Inc.,67055000010,Consumer or Base,2019-07-18
abf4f304-ecd3-4cd6-afac-47979bb5f7dc,20871000087109,20067055049778,02437058,GARDASIL9,GARDASIL9 10x0.5mL vials,Merck Canada Inc.,67055000010,Case,2019-07-18
b120fb30-04c0-49e2-972a-ec9979f08c4b,20871000087109,20067055049693,02437058,GARDASIL9,GARDASIL9 1x0.5mL syringe,Merck Canada Inc.,67055000010,Case,2019-07-18
1870306d-fda3-4372-aa79-2f0a27a70dcb,20871000087109,10067055049696,02437058,GARDASIL9,GARDASIL9 0.5mL syringe,Merck Canada Inc.,67055000010,Application Unit,2019-07-18
5d845c84-554c-48b3-940b-0ae221f257db,20871000087109,10067055049764,02437058,GARDASIL9,GARDASIL9 10x0.5mL vials,Merck Canada Inc.,67055000010,Application Unit,2019-07-18
616d8207-7faa-4098-b0cd-169dc51a88a4,7161000087102,10067055034890,00466085,MMR II,MMR II 0.5mL vial,Merck Canada Inc.,67055000010,Application Unit,2019-07-18
7209fe55-38a0-48bb-a5b9-7df930aeb507,7161000087102,67055034893,00466085,MMR II,MMR II 10x0.5mL vials,Merck Canada Inc.,67055000010,Consumer or Base,2019-07-18
ec20cae0-5555-4d11-8740-293abce07d37,7161000087102,20067055034897,00466085,MMR II,MMR II 10x0.5mL vials,Merck Canada Inc.,67055000010,Case,2019-07-18
882e2501-89b9-4f56-9c9b-c907b3562a3e,7641000087107,10067055043557,00431648,PNEUMOVAX 23,PNEUMOVAX 23 0.5mL vial,Merck Canada Inc.,67055000010,Application Unit,2019-07-18
7c37c6d8-f30e-4d78-8143-31d9c9e56629,7641000087107,67055047343,00431648,PNEUMOVAX 23,PNEUMOVAX 23 10x0.5mL vials,Merck Canada Inc.,67055000010,Consumer or Base,2019-07-18
cc8fbb4d-911b-4abb-a640-544518760e25,7641000087107,67055043550,00431648,PNEUMOVAX 23,PNEUMOVAX 23 1x0.5mL vial,Merck Canada Inc.,67055000010,Consumer or Base,2019-07-18
7b056c00-9d54-4c80-9a12-447e9ad52279,7641000087107,20067055047347,00431648,PNEUMOVAX 23,PNEUMOVAX 23 10x0.5mL vials,Merck Canada Inc.,67055000010,Case,2019-07-18
ddf0b36a-5bc5-4cee-a19a-b0a09c0bc99e,7641000087107,20067055043554,00431648,PNEUMOVAX 23,PNEUMOVAX 23 1x0.5mL vial,Merck Canada Inc.,67055000010,Case,2019-07-18
3eb945af-11a2-4005-a984-b3ff965c316b,19441000087102,67055049569,02399229,PROQUAD,PROQUAD 10x0.5mL vials,Merck Canada Inc.,67055000010,Consumer or Base,2019-07-18
6a533b67-fbd6-4f47-90ff-479b75ef7b28,19441000087102,20067055049563,02399229,PROQUAD,PROQUAD 10x0.5mL vials,Merck Canada Inc.,67055000010,Case,2019-07-18
e9f8e71f-256b-4cab-8ffc-21f32e83560c,19441000087102,10067055049559,02399229,PROQUAD,PROQUAD vial,Merck Canada Inc.,67055000010,Application Unit,2019-07-18
e3718b1c-028c-454e-9d66-b9d40db55b85,6951000087100,10067055045698,02243676,RECOMBIVAX HB,RECOMBIVAX HB 1.0mL Adult,Merck Canada Inc.,67055000010,Application Unit,2019-07-18
54605fa7-7db4-4ead-862b-d0306ccae581,6951000087100,67055045233,02243676,RECOMBIVAX HB,RECOMBIVAX HB 0.5mL pediatric,Merck Canada Inc.,67055000010,Consumer or Base,2019-07-18
b3d6fdad-6c59-4079-a39f-d06304533309,6951000087100,67055045691,02243676,RECOMBIVAX HB,RECOMBIVAX HB 1.0mL Adult,Merck Canada Inc.,67055000010,Consumer or Base,2019-07-18
4f8b99b7-5b94-4c56-a72f-4783e3f0875c,,67055045608,02245977,RECOMBIVAX HB,RECOMBIVAX HB 1.0mL dialysis,Merck Canada Inc.,67055000010,Consumer or Base,2019-07-18
eab4e6e2-09f1-4fe7-82b6-befdd2d6dad6,6951000087100,67055046339,02243676,RECOMBIVAX HB,RECOMBIVAX HB 10x1.0mL Adult,Merck Canada Inc.,67055000010,Consumer or Base,2019-07-18
c08c07bb-27f9-4f16-8cd6-4848ee90765e,6951000087100,20067055045237,02243676,RECOMBIVAX HB,RECOMBIVAX HB 0.5mL pediatric,Merck Canada Inc.,67055000010,Case,2019-07-18
c0f5548d-2806-4b0d-9e7a-27683c7b81ef,6951000087100,20067055045695,02243676,RECOMBIVAX HB,RECOMBIVAX HB 1.0mL Adult,Merck Canada Inc.,67055000010,Case,2019-07-18
73ded291-64d1-4da7-9c00-f60d3ec69621,,20067055045602,02245977,RECOMBIVAX HB,RECOMBIVAX HB 1.0mL dialysis,Merck Canada Inc.,67055000010,Case,2019-07-18
1dc26382-90a7-497c-b297-01e784820027,6951000087100,20067055046333,02243676,RECOMBIVAX HB,RECOMBIVAX HB 10x1.0mL Adult,Merck Canada Inc.,67055000010,Case,2019-07-18
a377e0a9-de59-44b8-919b-a186c971bd04,7201000087107,67055046421,02284413,ROTATEQ,ROTATEQ 2mL single dose tube,Merck Canada Inc.,67055000010,Consumer or Base,2019-07-18
af0e348b-4139-4532-8f51-f06f539c486c,7201000087107,20067055046425,02284413,ROTATEQ,ROTATEQ 2mL single dose tube,Merck Canada Inc.,67055000010,Case,2019-07-18
5902b327-b3ab-418b-93c1-2a78bfdfbb6e,6901000087101,67055042997,02229702,VAQTA,VAQTA 0.5mL pediatric/adolesc,Merck Canada Inc.,67055000010,Consumer or Base,2019-07-18
9b914c92-5280-404e-b313-91665549ddf1,6901000087101,67055042966,02229702,VAQTA,VAQTA 1.0mL Adult,Merck Canada Inc.,67055000010,Consumer or Base,2019-07-18
5841957d-5ac5-416a-9ed9-a3ef3af952bc,6901000087101,20067055042991,02229702,VAQTA,VAQTA 0.5mL pediatric/adolesc,Merck Canada Inc.,67055000010,Case,2019-07-18
54394397-ce43-4cc3-98b0-a9dc6eaed1a1,6901000087101,20067055042960,02229702,VAQTA,VAQTA 1.0mL Adult,Merck Canada Inc.,67055000010,Case,2019-07-18
a8c42371-e731-4543-a329-dac07a0ce506,7241000087105,10067055045551,02246081,VARIVAX III,VARIVAX III 0.5mL vial,Merck Canada Inc.,67055000010,Application Unit,2019-07-18
3b4336b6-7756-4d9d-99e1-458659b86175,7241000087105,67055045561,02246081,VARIVAX III,VARIVAX III 10x0.5mL vials,Merck Canada Inc.,67055000010,Consumer or Base,2019-07-18
9d534c64-a8ad-45fe-b6dc-4893e8a46490,7241000087105,67055045554,02246081,VARIVAX III,VARIVAX III 1x0.5mL vial,Merck Canada Inc.,67055000010,Consumer or Base,2019-07-18
44b29c42-535a-497d-a097-b3737c572af6,7241000087105,20067055045565,02246081,VARIVAX III,VARIVAX III 10x0.5mL vials,Merck Canada Inc.,67055000010,Case,2019-07-18
d08000a4-7227-4eca-8da4-73ca69be5b0b,7241000087105,20067055045558,02246081,VARIVAX III,VARIVAX III 1x0.5mL vial,Merck Canada Inc.,67055000010,Case,2019-07-18
3c0015dc-9eed-4320-8c62-67479bbb8a74,19321000087101,67055049590,02375516,ZOSTAVAX II,ZOSTAVAX II 10x0.65mL vials,Merck Canada Inc.,67055000010,Consumer or Base,2019-07-18
093843fa-d013-4f12-9560-f842384c9729,19321000087101,67055049545,02375516,ZOSTAVAX II,ZOSTAVAX II refrig 1 vial,Merck Canada Inc.,67055000010,Consumer or Base,2019-07-18
9c66fb4d-be8c-4538-ab14-7fcbc51128bc,19321000087101,20067055049594,02375516,ZOSTAVAX II,ZOSTAVAX II 10x0.65mL vials,Merck Canada Inc.,67055000010,Case,2019-07-18
608e3556-d12a-4367-8f9f-9994ced1f209,19321000087101,20067055049549,02375516,ZOSTAVAX II,ZOSTAVAX II refrig 1 vial,Merck Canada Inc.,67055000010,Case,2019-07-18
1b3c2a63-7527-4a9c-b0bb-7d89e4c8e776,19321000087101,10067055049542,02375516,ZOSTAVAX II,ZOSTAVAX II refrig vial,Merck Canada Inc.,67055000010,Application Unit,2019-07-18
27091686-a6a7-4072-8a70-74e2af01e384,7081000087109,80621027096119,02245057,Neis-Vac-C,,Pfizer Canada Inc.,621027000028,Consumer or Base,2019-07-18
b1dfd5f2-7258-4bf5-94ef-756cbdfd154e,7081000087109,621027096113,02245057,Neis-Vac-C,,Pfizer Canada Inc.,621027000028,Consumer or Base,2019-07-18
194aec2b-73fc-487d-9c27-d39b3b29bbb6,19351000087108,8062102725509,02402904,Nimenrix,,Pfizer Canada Inc.,621027000028,Consumer or Base,2019-07-18
d6b26717-3639-4795-bcf1-940b83fc31de,19351000087108,621027255503,02402904,Nimenrix,,Pfizer Canada Inc.,621027000028,Consumer or Base,2019-07-18
03518abe-d470-4dfa-b4f1-1ebb246dedc5,19351000087108,621027255558,02402904,Nimenrix,,Pfizer Canada Inc.,621027000028,Consumer or Base,2019-07-18
a66c48bd-e25a-4b0b-b90e-49b340d3e42b,7681000087102,621027522520,02335204,PREVNAR 13,PREVNAR 13 PFS 0.5ML X 1 CA,Pfizer Canada Inc.,621027000028,Consumer or Base,2019-07-18
aca0d800-93ca-4902-b89c-580e493fdda5,7681000087102,66063971008,02335204,PREVNAR 13,PREVNAR 13 0.5ML 10'S,Pfizer Canada Inc.,621027000028,Consumer or Base,2019-07-18
5c18c7d8-1604-47d9-bcf4-0a967385197d,7031000087105,697177005053,01959034,Act-HIB,Haemophilus b conj. Vaccine,Sanofi Pasteur Limited,697177000010,Consumer or Base,2019-07-18
e099ef6d-4042-4174-9624-05828affd06f,7031000087105,697177004964,01959034,Act-HIB,Haemophilus b conj. Vaccine,Sanofi Pasteur Limited,697177000010,Application Unit,2019-07-18
b45fd2ab-8335-4082-b010-48ef192876aa,7031000087105,697177004384,01959034,Act-HIB,,Sanofi Pasteur Limited,697177000010,Consumer or Base,2019-07-18
47e1f9c1-200b-478d-a12d-131e1b6df009,7431000087103,697177004711,02240255,ADACEL,"Tetanus, Diphtheria, Pertussis",Sanofi Pasteur Limited,697177000010,Application Unit,2019-07-18
834d1188-3277-48c8-8300-2782c041b98b,7431000087103,697177000843,02240255,ADACEL,"Tetanus, Diphtheria, Pertussis",Sanofi Pasteur Limited,697177000010,Consumer or Base,2019-07-18
46c66f0e-d277-405b-b687-6990486a8270,7431000087103,697177000850,02240255,ADACEL,"Tetanus, Diphtheria, Pertussis",Sanofi Pasteur Limited,697177000010,Consumer or Base,2019-07-18
e01d2a95-5e0f-40e8-b06e-aaf3eae14d96,7481000087104,697177005169,02352044,ADACEL POLIO,Tetanus Diptheria Pertussis Polio,Sanofi Pasteur Limited,697177000010,Consumer or Base,2019-07-18
b2b268a1-9b81-4ef0-a345-b67176296253,7481000087104,697177004681,02352044,ADACEL POLIO,Tetanus Diphtheria Pertussis Polio,Sanofi Pasteur Limited,697177000010,Consumer or Base,2019-07-18
b5849e53-f275-49cc-b36c-79c6a1993e06,7481000087104,697177004650,02352044,ADACEL POLIO,Tetanus Diphtheria Pertussis Polio,Sanofi Pasteur Limited,697177000010,Application Unit,2019-07-18
b46d1284-103f-4860-9f30-c037544acdfc,6851000087107,697177000706,02237792,AVAXIM,Hepatitis A Vaccine Inactivated,Sanofi Pasteur Limited,697177000010,Consumer or Base,2019-07-18
ea4361a7-8583-40b7-888e-11e2f288cc8d,6861000087105,697177004155,02243741,AVAXIM - Pediatric,Hepatitis A Vaccine Inactivated,Sanofi Pasteur Limited,697177000010,Consumer or Base,2019-07-18
7b8dab99-0467-4773-81b9-155f8f5eae04,,697177004605,01914537,BCG,,Sanofi Pasteur Limited,697177000010,Consumer or Base,2019-07-18
4bcb0af1-33bb-47ea-b875-0560dae9bcc6,,697177000058,01914537,BCG,,Sanofi Pasteur Limited,697177000010,Consumer or Base,2019-07-18
ad7e0731-7d3e-47e1-a7fc-06ff0d3bce90,,697177005107,01914537,BCG,,Sanofi Pasteur Limited,697177000010,Application Unit,2019-07-18
17f83bef-34d7-46cb-8cd0-dc45b578fa63,7011000087100,697177001611,00075124,BCG (FREEZE-DRIED),,Sanofi Pasteur Limited,697177000010,Consumer or Base,2019-07-18
99a33983-96a3-41da-81bb-d066f228f08d,7011000087100,697177005138,00075124,BCG (FREEZE-DRIED),,Sanofi Pasteur Limited,697177000010,Application Unit,2019-07-18
d6cd5941-c336-402f-b08c-4b4f88034693,21931000087105,697177005190,02445646,FLUZONE High Dose,Flu Virus Vaccine High Dose,Sanofi Pasteur Limited,697177000010,Consumer or Base,2019-07-18
1aa37bfe-c52e-40da-b534-c56dc9426f62,21931000087105,697177005183,02445646,FLUZONE High Dose,Flu Virus Vaccine High Dose,Sanofi Pasteur Limited,697177000010,Application Unit,2019-07-18
b93ee2e7-6cb3-4a40-ada9-147b4289194d,20691000087107,697177005152,02420643,FLUZONE Quadrivalent,Flu Virus Vaccine Quadrivalent MD,Sanofi Pasteur Limited,697177000010,Application Unit,2019-11-07
316b585b-fe0b-405b-a7dc-5a63153d549f,,697177005145,02432730,FLUZONE Quadrivalent,Flu Virus Vaccine Quadrivalent MD,Sanofi Pasteur Limited,697177000010,Consumer or Base,2019-07-18
5d5f4b64-45c2-40b1-87d2-e22a3a8a1788,20691000087107,697177005114,02420643,FLUZONE Quadrivalent,Flu Virus Vaccine Quadrivalent,Sanofi Pasteur Limited,697177000010,Consumer or Base,2019-11-07
2ee9fe3c-2737-46c9-b2fe-1332f80fcaa3,20691000087107,697177005121,02420643,FLUZONE Quadrivalent,Flu Virus Vaccine Quadrivalent,Sanofi Pasteur Limited,697177000010,Application Unit,2019-11-07
3be1c891-c83c-4359-93b2-832a0fdaa556,7361000087100,697177004469,01959042,IMOVAX Polio,Inactivated Polio Vaccine,Sanofi Pasteur Limited,697177000010,Consumer or Base,2019-07-18
594222fd-1d27-475a-850d-be682fb9a7f8,7361000087100,697177004414,01959042,IMOVAX Polio,,Sanofi Pasteur Limited,697177000010,Consumer or Base,2019-07-18
fe36c521-aea3-4d01-8c0d-6289e5117e59,7381000087106,697177004261,01908286,IMOVAX RABIES,Rabies Vaccine Inactivated (DCO),Sanofi Pasteur Limited,697177000010,Consumer or Base,2019-07-18
9d71ecfe-82d2-4201-acce-7fbfe3f78c51,7601000087109,697177004759,02348756,INTANZA,,Sanofi Pasteur Limited,697177000010,Consumer or Base,2019-07-18
0c30fe7f-0182-4b01-85ca-585378c0d086,7601000087109,697177004742,02348756,INTANZA,,Sanofi Pasteur Limited,697177000010,Consumer or Base,2019-07-18
f9dc4532-0348-4639-8fe7-cd7cd7741c10,7601000087109,697177004506,02348756,INTANZA,,Sanofi Pasteur Limited,697177000010,Consumer or Base,2019-07-18
e0b3e3ee-52cc-402e-a5e0-3e63b3eac2e7,7131000087109,697177004933,02279924,MENACTRA,Meningococcal Vaccine,Sanofi Pasteur Limited,697177000010,Application Unit,2019-07-18
a7e81f50-046a-43bc-a005-233342e084bf,7131000087109,697177004490,02279924,MENACTRA,Meningococcal Vaccine,Sanofi Pasteur Limited,697177000010,Consumer or Base,2019-07-18
dc7d1328-4b42-4086-aa31-a437d25f5eaf,7131000087109,697177005039,02279924,MENACTRA,Meningococcal Vaccine,Sanofi Pasteur Limited,697177000010,Consumer or Base,2019-07-18
7898bdd9-fe7b-487d-9da5-37417082e5e8,7131000087109,697177004476,02279924,MENACTRA,,Sanofi Pasteur Limited,697177000010,Consumer or Base,2019-07-18
c9833910-7629-413d-b267-e0dc744ad53b,7131000087109,697177004292,02279924,MENACTRA,,Sanofi Pasteur Limited,697177000010,Consumer or Base,2019-07-18
2c268c88-edfb-44a8-8faa-57d8a8eb09ef,,697177001161,01962892,MENINGOCOCCAL (Unknown),,Sanofi Pasteur Limited,697177000010,Consumer or Base,2019-07-18
f7d1499e-88e9-40c3-8737-f05830e0fc38,,697177004926,01959018,MENOMUNE -A/C/Y/W-135,Meningococcal Vaccin,Sanofi Pasteur Limited,697177000010,Application Unit,2019-07-18
20deb0bf-f83a-4d65-ab06-2564affa3199,,697177005046,01959018,MENOMUNE -A/C/Y/W-135,Meningococcal Vaccin,Sanofi Pasteur Limited,697177000010,Consumer or Base,2019-07-18
230c7179-76ae-4645-ac1f-0fa1f9dc7704,7521000087104,697177004674,02243167,PEDIACEL,"Dipht., Tet., Pertu., Polio, Hib B",Sanofi Pasteur Limited,697177000010,Application Unit,2019-07-18
dfcbdaf8-f4cb-41b3-8a4a-9bc3261e1f97,7521000087104,697177004445,02243167,PEDIACEL,"Dipht., Tet., Pertu., Polio, Hib B",Sanofi Pasteur Limited,697177000010,Consumer or Base,2019-07-18
7059e062-9e58-4229-8dda-97f356bb3fd9,7511000087107,697177004131,02231343,PENTACEL,"Haem. b, Diph. & Tet., Pert., Polio",Sanofi Pasteur Limited,697177000010,Consumer or Base,2019-07-18
178fbe6a-b6bb-4d85-8cba-018b951702da,7631000087101,697177000676,02231259,Pneumo 23,,Sanofi Pasteur Limited,697177000010,Consumer or Base,2019-07-18
a6356933-8fbe-4093-9dd0-a6e099f8b2cf,7471000087101,697177004148,02230946,QUADRACEL,Component pertusus vaccine,Sanofi Pasteur Limited,697177000010,Consumer or Base,2019-07-18
270cdc41-d314-4605-bb8b-292bdcb56065,7471000087101,697177004698,02230946,QUADRACEL,"Dipht., Tet., Pertu., Polio Vaccine",Sanofi Pasteur Limited,697177000010,Application Unit,2019-07-18
fe21ed3f-4b2a-492d-88bd-924cd549e407,7371000087109,697177004285,00514462,Td ADSORBED,Tetanus and Diphtheria Toxoids,Sanofi Pasteur Limited,697177000010,Consumer or Base,2019-07-18
7156553f-30ea-4fe6-ac92-5949f2507760,7371000087109,697177004704,00514462,Td ADSORBED,Tetanus and Diphtheria Toxoids,Sanofi Pasteur Limited,697177000010,Application Unit,2019-07-18
150b05e5-091b-498b-86c5-985f9bcd3648,7531000087102,697177004278,00615358,Td POLIO ADSORBED,"Tetanus, Diphtheria and IPV",Sanofi Pasteur Limited,697177000010,Consumer or Base,2019-07-18
6f28f929-1682-4e7b-beec-73224f032778,7531000087102,697177005060,00615358,Td POLIO ADSORBED,"Tetanus, Diphtheria and IPV",Sanofi Pasteur Limited,697177000010,Application Unit,2019-07-18
45d5c553-d9df-47d7-80f3-f72d6c41bba1,7311000087102,697177000669,02130955,TYPHIM Vi,Typhoid Fever Vaccine,Sanofi Pasteur Limited,697177000010,Consumer or Base,2019-07-18
9cad14d2-3ba8-4055-8b52-b0081c770f7a,7311000087102,697177000652,02130955,TYPHIM Vi,Typhoid Fever Vaccine,Sanofi Pasteur Limited,697177000010,Consumer or Base,2019-07-18
9b41803b-9ff9-4370-8284-3db0807f225e,,697177004766,02367718,VAXIGRIP,Influenza Vaccine syringe,Sanofi Pasteur Limited,697177000010,Consumer or Base,2019-07-18
23340e7e-42bf-498d-b172-6cead8cfe0b0,7561000087109,697177000782,02223929,VAXIGRIP,Influenza Vaccine Vial,Sanofi Pasteur Limited,697177000010,Consumer or Base,2019-07-18
299c7f22-3e38-4bbc-81ab-44c87d465718,7561000087109,697177004094,02223929,VAXIGRIP,Influenza Vaccine Vial,Sanofi Pasteur Limited,697177000010,Application Unit,2019-07-18
3a5a8394-2bad-46e4-8593-5710b1ae5761,7331000087107,697177002670,02248361,ViVAXIM,Typhoid and Hepatitis A Vaccine,Sanofi Pasteur Limited,697177000010,Consumer or Base,2019-07-18
7396383a-68b4-4817-a03a-db191ef0a1dc,7221000087101,697177005015,00428833,YF-VAX,Yellow Fever Vaccine,Sanofi Pasteur Limited,697177000010,Application Unit,2019-07-18
f609fac7-f6bd-40bc-aa83-b99eb7e7e857,7221000087101,697177005008,00428833,YF-VAX,Yellow Fever Vaccine,Sanofi Pasteur Limited,697177000010,Consumer or Base,2019-07-18
06341b3d-3c01-46b6-929e-035209314e3b,7221000087101,697177005022,00428833,YF-VAX Diluent,Yellow Fever Vaccine Diluent,Sanofi Pasteur Limited,697177000010,Consumer or Base,2019-07-18
191d885f-a009-48c6-b21c-16eef2b55ab1,24381000087107,50818944020054,02473283,AFLURIA TETRA,AFLURIA TETRA 10 x 0.5ML Vaccine Case,Seqirus Uk Limited,5060521940006,Case,2019-07-18
079abdff-cc59-4103-aec1-392b6c071641,24381000087107,20818944020053,02473283,AFLURIA TETRA,AFLURIA TETRA 0.5ML PFS Vaccine,Seqirus Uk Limited,5060521940006,Application Unit,2019-07-18
9d14a23c-1963-4056-83fa-e3e0282b580c,24381000087107,818944020059,02473283,AFLURIA TETRA,AFLURIA TETRA 10 X 0.5ML PFS Vaccine Pack,Seqirus Uk Limited,5060521940006,Consumer or Base,2019-07-18
50736740-9c9a-44ff-847e-8643b2ebde5c,22971000087103,80818944020017,02346850,AGRIFLU,AGRIFLU 10 x 0.5ML Vaccine Case,Seqirus Uk Limited,5060521940006,Case,2019-07-18
e90127d6-6c7c-4328-9d22-051dd523f688,,80818944020024,02428881,AGRIFLU,AGRIFLU Multidose 1X10 Vaccine Case,Seqirus Uk Limited,5060521940006,Case,2019-07-18
0986f2f0-4d0d-42ef-8fa0-b73847a62747,,20818944020022,02428881,AGRIFLU,AGRIFLU Multidose 1X10 Vaccine Vial,Seqirus Uk Limited,5060521940006,Application Unit,2019-07-18
08d5c091-40b1-4cb8-b4f2-6e93d919a1f7,22971000087103,20818944020015,02346850,AGRIFLU,AGRIFLU 0.5ML PFS Vaccine,Seqirus Uk Limited,5060521940006,Application Unit,2019-07-18
f1106aab-000b-4b3f-a2d5-8c2fd6947af0,22971000087103,818944020011,02346850,AGRIFLU,AGRIFLU 10 X 0.5ML PFS Vaccine Pack,Seqirus Uk Limited,5060521940006,Consumer or Base,2019-07-18
bb232f4a-6d1c-49c3-9905-70bb7ec0e5c8,,818944020028,02428881,AGRIFLU,AGRIFLU Multidose 1X10 Vaccine Pack,Seqirus Uk Limited,5060521940006,Consumer or Base,2019-07-18
a426659f-37f6-4d32-b069-d897453b2bb9,22981000087101,80818944020031,02362384,Fluad Adult,Fluad 10 x 0.5ML Vaccine Case,Seqirus Uk Limited,5060521940006,Case,2019-07-18
b398b110-1503-4d73-9778-7e861d6c1ada,22981000087101,20818944020039,02362384,Fluad Adult,Fluad 10 x 0.5ML Vaccine Case,Seqirus Uk Limited,5060521940006,Application Unit,2019-07-18
d4d4e41c-f994-411c-bceb-bc494fe75d5c,22981000087101,818944020035,02362384,Fluad Adult,Fluad 10 x 0.5ML Vaccine pack,Seqirus Uk Limited,5060521940006,Consumer or Base,2019-07-18
eaecb4c9-faea-4572-8f86-c5b9b71b05d9,22981000087101,50818944020061,02362384,Fluad Adult,Fluad 10 x 0.5ML Vaccine Case,Seqirus Uk Limited,5060521940006,Case,2019-07-18
8fd0bca5-faa9-4250-9f04-d5bb0e988775,22981000087101,20818944020060,02362384,Fluad Adult,Fluad 10 x 0.5ML Vaccine Case,Seqirus Uk Limited,5060521940006,Application Unit,2019-07-18
87275d91-0d8f-46ae-b179-aefeb8a1fde4,22981000087101,818944020066,02362384,Fluad Adult,Fluad 10 x 0.5ML Vaccine pack,Seqirus Uk Limited,5060521940006,Consumer or Base,2019-07-18
174cb95f-65c7-4a5f-824e-5acde3f5423c,,80818944020048,02434881,Fluad PED,Fluad PED 10 x 0.25ML Vaccine Case,Seqirus Uk Limited,5060521940006,Case,2019-07-18
641dc9ce-02c7-4be0-be20-003b28dc9948,,20818944020046,02434881,Fluad PED,Fluad PED 10 x 0.25ML PFS Vaccine,Seqirus Uk Limited,5060521940006,Application Unit,2019-07-18
3367f9ef-f93a-4bf6-82f4-7766f2925dd6,,818944020042,02434881,Fluad PED,Fluad PED 10 x 0.25ML Vaccine Pack,Seqirus Uk Limited,5060521940006,Consumer or Base,2019-07-18
68905e08-23bf-4ebc-aeaf-63fd663609c4,,50818944020078,02434881,Fluad PED,Fluad PED 10 x 0.25ML Vaccine Case,Seqirus Uk Limited,5060521940006,Case,2019-07-18
343a6287-4377-4954-a080-697248977dd2,,20818944020077,02434881,Fluad PED,Fluad PED 10 x 0.25ML PFS Vaccine,Seqirus Uk Limited,5060521940006,Application Unit,2019-07-18
7935e946-f1c0-4d9f-a834-ff9e8d4d80cd,,818944020073,02434881,Fluad PED,Fluad PED 10 x 0.25ML Vaccine Pack,Seqirus Uk Limited,5060521940006,Consumer or Base,2019-07-18
